Сотовый телефон Samsung Galaxy Z Flip 8/256GB (SM-F700F) черный бриллиант,Скоро,https://www.kivano.kg/images/product/76800/1581598044_48669400.jpg
Сотовый телефон Samsung Galaxy A71 (2020) 128GB (SM-A715F/DS) голубой,30760 сом,https://www.kivano.kg/images/product/77056/1582525881_79253800.jpg
Сотовый телефон Samsung Galaxy Z Flip 8/256GB (SM-F700F) сияющий аметист,Скоро,https://www.kivano.kg/images/product/76801/1581598389_23157800.jpg
Сотовый телефон Samsung Galaxy A71 (2020) 128GB (SM-A715F/DS) серебристый,30360 сом,https://www.kivano.kg/images/product/77057/1582526561_18637600.jpg
Сотовый телефон BRAVIS A552 Joy Max золотой,6710 сом,https://www.kivano.kg/images/product/40705/40705.jpg
Сотовый телефон Huawei P smart Z 4/64GB черный,14990 сом,https://www.kivano.kg/images/product/70402/70402.jpg
Сотовый телефон BRAVIS A552 Joy Max серый,6710 сом,https://www.kivano.kg/images/product/40706/40706.jpg
Сотовый телефон Huawei P smart Z 4/64GB синий,14990 сом,https://www.kivano.kg/images/product/70403/70403.jpg
Сотовый телефон BRAVIS Next черный,5430 сом,https://www.kivano.kg/images/product/27139/27139.jpg
Сотовый телефон Xiaomi Mi 9T 6/64GB синий,20850 сом,https://www.kivano.kg/images/product/70404/70404.jpg
Сотовый телефон Samsung Galaxy S10 plus 8/128GB (SM-G975F/DS) синий,53850 сом,https://www.kivano.kg/images/product/74500/1574183647_27781400.jpg
Сотовый телефон Philips Xenium E311 синий,5590 сом,https://www.kivano.kg/images/product/27140/27140.jpg
Сотовый телефон Xiaomi Mi 9T 6/128GB синий,21890 сом,https://www.kivano.kg/images/product/70405/70405.jpg
Сотовый телефон Samsung Galaxy S10 8/128GB (SM-G973F/DS) черный оникс,46500 сом,https://www.kivano.kg/images/product/66054/66054.jpg
Сотовый телефон Xiaomi Redmi 8 3/32GB красный,10070 сом,https://www.kivano.kg/images/product/74246/1573490405_93801400.jpg
Сотовый телефон BRAVIS Trend черный,6630 сом,https://www.kivano.kg/images/product/27142/27142.jpg
Сотовый телефон Samsung Galaxy S10 Plus 8/128GB (SM-G975F/DS) черный оникс,53370 сом,https://www.kivano.kg/images/product/66055/66055.jpg
Сотовый телефон Xiaomi Redmi Note 8 4/128Gb белый,14060 сом,https://www.kivano.kg/images/product/74247/1573491939_03043500.jpg
Сотовый телефон BRAVIS Trend белый,6630 сом,https://www.kivano.kg/images/product/27143/27143.jpg
Сотовый телефон Honor 8X 4/64GB синий,12780 сом,https://www.kivano.kg/images/product/63495/63495.jpg
Сотовый телефон Samsung Galaxy S10 8/128GB (SM-G973F/DS) аквамарин,45780 сом,https://www.kivano.kg/images/product/66056/66056.jpg
Сотовый телефон Philips Xenium E109 черный,1840 сом,https://www.kivano.kg/images/product/69896/69896.jpg
Сотовый телефон Xiaomi Redmi Note 8 4/128Gb синий,14220 сом,https://www.kivano.kg/images/product/74248/1573492383_95124500.jpg
Сотовый телефон Honor 8X 4/64GB черный,12780 сом,https://www.kivano.kg/images/product/63496/63496.jpg
Сотовый телефон Samsung Galaxy S10 plus 8/128GB (SM-G975F/DS) аквамарин,53690 сом,https://www.kivano.kg/images/product/66057/66057.jpg
Сотовый телефон Xiaomi Redmi Note 8T 4/64Gb черный,13580 сом,https://www.kivano.kg/images/product/74249/1573499606_86250200.jpg
Сотовый телефон Honor 8X 4/64GB красный,12780 сом,https://www.kivano.kg/images/product/63497/63497.jpg
Сотовый телефон Samsung Galaxy S10 plus 8/128GB (SM-G975F/DS) перламутр,53370 сом,https://www.kivano.kg/images/product/66058/66058.jpg
Сотовый телефон Jinga Start,4070 сом,https://www.kivano.kg/images/product/66314/66314.jpg
Сотовый телефон Nokia 210 черный,2960 сом,https://www.kivano.kg/images/product/69898/69898.jpg
Сотовый телефон Xiaomi Redmi Note 8T 4/64Gb синий,13580 сом,https://www.kivano.kg/images/product/74250/1573499794_54790400.jpg
Сотовый телефон Samsung Galaxy S10 8/128GB (SM-G973F/DS) перламутр,45780 сом,https://www.kivano.kg/images/product/66059/66059.jpg
Сотовый телефон Philips Xenium V377 черный,9670 сом,https://www.kivano.kg/images/product/27147/27147.jpg
Сотовый телефон Samsung Galaxy S10e 6/128GB (SM-G970F/DS) черный оникс,36350 сом,https://www.kivano.kg/images/product/66060/66060.jpg
Сотовый телефон Samsung Galaxy S10e 6/128GB (SM-G970F/DS) аквамарин,36350 сом,https://www.kivano.kg/images/product/66061/66061.jpg
Сотовый телефон Samsung Galaxy S10e 6/128GB (SM-G970F/DS) перламутр,36350 сом,https://www.kivano.kg/images/product/66062/66062.jpg
Сотовый телефон Xiaomi Mi9 SE 6/128GB синий,21010 сом,https://www.kivano.kg/images/product/67086/67086.jpg
Сотовый телефон Xiaomi Redmi Note 8T 4/128Gb черный,15020 сом,https://www.kivano.kg/images/product/75790/1578854726_07369400.jpg
Сотовый телефон Philips Xenium V526 LTE синий,15580 сом,https://www.kivano.kg/images/product/27150/27150.jpg
Сотовый телефон Apple iPhone 8 64GB золотой,33960 сом,https://www.kivano.kg/images/product/45070/45070.jpg
Сотовый телефон Apple iPhone 8 256GB золотой,49700 сом,https://www.kivano.kg/images/product/45073/45073.jpg
Сотовый телефон Xiaomi Redmi 7A 2/32GB синий,7760 сом,https://www.kivano.kg/images/product/70418/70418.jpg
Сотовый телефон Xiaomi Mi Mix 2 6/64GB черный,21410 сом,https://www.kivano.kg/images/product/51218/51218.jpg
Сотовый телефон Apple iPhone 8 64GB серый космос,33960 сом,https://www.kivano.kg/images/product/45075/45075.jpg
Сотовый телефон Apple iPhone 8 256GB серый космос,49700 сом,https://www.kivano.kg/images/product/45077/45077.jpg
Сотовый телефон Xiaomi Redmi 8A 2/32GB красный,8550 сом,https://www.kivano.kg/images/product/73243/73243.jpg
Сотовый телефон Nokia 230 Dual Sim белый,4390 сом,https://www.kivano.kg/images/product/42779/42779.jpg
Сотовый телефон Xiaomi Redmi Note 8 Pro 6/64GB зеленый,19020 сом,https://www.kivano.kg/images/product/73244/73244.jpg
Сотовый телефон Xiaomi Redmi Note 8 Pro 6/128GB зеленый,19890 сом,https://www.kivano.kg/images/product/73245/73245.jpg
Сотовый телефон VERTEX S107,1520 сом,https://www.kivano.kg/images/product/60704/60704.jpg
Сотовый телефон Xiaomi Mi Note 10 Pro 8/256GB черный,36750 сом,https://www.kivano.kg/images/product/76066/1579364915_51164800.jpg
Сотовый телефон Samsung Galaxy A10 (2019) 32GB (A105F/DS) черный,9670 сом,https://www.kivano.kg/images/product/67112/67112.jpg
Сотовый телефон Samsung Galaxy A10 (2019) 32GB (A105F/DS) синий,9670 сом,https://www.kivano.kg/images/product/67113/67113.jpg
Сотовый телефон Samsung Galaxy A40 64GB (SM-A405F/DS) черный,15670 сом,https://www.kivano.kg/images/product/67114/67114.jpg
Сотовый телефон Samsung Galaxy Note 10 8/256GB черный,55290 сом,https://www.kivano.kg/images/product/71722/71722.jpg
Сотовый телефон Samsung Galaxy A40 64GB (SM-A405F/DS) голубой,16070 сом,https://www.kivano.kg/images/product/67115/67115.jpg
Сотовый телефон Samsung Galaxy Note 10 8/256GB красный,55290 сом,https://www.kivano.kg/images/product/71723/71723.jpg
Сотовый телефон Apple iPhone 11 64GB фиолетовый,59680 сом,https://www.kivano.kg/images/product/72491/72491.jpg
Сотовый телефон Samsung Galaxy A20 32GB (SM-A205F/DS) красный,11820 сом,https://www.kivano.kg/images/product/67116/67116.jpg
Сотовый телефон Samsung Galaxy Note 10 8/256GB аура,55290 сом,https://www.kivano.kg/images/product/71724/71724.jpg
Сотовый телефон Apple iPhone 11 128GB фиолетовый,64090 сом,https://www.kivano.kg/images/product/72492/72492.jpg
Сотовый телефон Samsung Galaxy Note 10 Plus 12/256GB черный,63690 сом,https://www.kivano.kg/images/product/71725/71725.jpg
Сотовый телефон Samsung Galaxy Note 10 Plus 12/256GB белый,63690 сом,https://www.kivano.kg/images/product/71726/71726.jpg
Сотовый телефон Apple iPhone 11 64GB зеленый,59680 сом,https://www.kivano.kg/images/product/72494/72494.jpg
Сотовый телефон Samsung Galaxy Note 10 Plus 12/256GB аура,64960 сом,https://www.kivano.kg/images/product/71727/71727.jpg
Сотовый телефон Samsung Galaxy A80 128GB (SM-A805F/DS) золотой,31890 сом,https://www.kivano.kg/images/product/71983/71983.jpg
Сотовый телефон Apple iPhone 11 128GB зеленый,64090 сом,https://www.kivano.kg/images/product/72495/72495.jpg
Сотовый телефон Apple iPhone 11 64GB желтый,59680 сом,https://www.kivano.kg/images/product/72497/72497.jpg
Сотовый телефон Apple iPhone 8 64GB серебристый,33960 сом,https://www.kivano.kg/images/product/45105/45105.jpg
Сотовый телефон Apple iPhone 11 128GB желтый,64090 сом,https://www.kivano.kg/images/product/72498/72498.jpg
Сотовый телефон Apple iPhone 8 256GB серебристый,49700 сом,https://www.kivano.kg/images/product/45106/45106.jpg
Сотовый телефон Apple iPhone 11 64GB белый,59680 сом,https://www.kivano.kg/images/product/72500/72500.jpg
Сотовый телефон Apple iPhone 8 Plus 64GB серебристый,44980 сом,https://www.kivano.kg/images/product/45108/45108.jpg
Сотовый телефон Apple iPhone 11 128GB белый,64090 сом,https://www.kivano.kg/images/product/72501/72501.jpg
Сотовый телефон Xiaomi Redmi Note 8T 4/64Gb белый,13580 сом,https://www.kivano.kg/images/product/75573/1577784369_15851200.jpg
Сотовый телефон Samsung Galaxy A51 (2020) 64GB (SM-A515F/DS) черный,21330 сом,https://www.kivano.kg/images/product/76086/1579512191_49198200.jpg
Сотовый телефон Honor 8A 2/32GB черный,8990 сом,https://www.kivano.kg/images/product/66871/66871.jpg
Сотовый телефон Apple iPhone 11 64GB красный,59680 сом,https://www.kivano.kg/images/product/72503/72503.jpg
Сотовый телефон Apple iPhone 8 Plus 64GB золотой,44980 сом,https://www.kivano.kg/images/product/45111/45111.jpg
Сотовый телефон Honor 8A 2/32GB синий,8990 сом,https://www.kivano.kg/images/product/66872/66872.jpg
Сотовый телефон Xiaomi Redmi Go 1/16Gb черный,5510 сом,https://www.kivano.kg/images/product/68408/68408.jpg
Сотовый телефон Apple iPhone 11 128GB красный,64090 сом,https://www.kivano.kg/images/product/72504/72504.jpg
Сотовый телефон Samsung Galaxy A51 (2020) 128GB (SM-A515F/DS) черный,21570 сом,https://www.kivano.kg/images/product/76088/1579512702_69797800.jpg
Сотовый телефон Apple iPhone 8 Plus 64GB серый космос,44980 сом,https://www.kivano.kg/images/product/45112/45112.jpg
Сотовый телефон Samsung Galaxy A51 (2020) 128GB (SM-A515F/DS) белый,21730 сом,https://www.kivano.kg/images/product/76089/1579512890_35950800.jpg
Сотовый телефон Huawei Y6 (2019) черный,9990 сом,https://www.kivano.kg/images/product/68410/68410.jpg
Сотовый телефон Honor 20 6/128GB черный,27990 сом,https://www.kivano.kg/images/product/72250/72250.jpg
Сотовый телефон Apple iPhone 11 Pro 64GB серый космос,84050 сом,https://www.kivano.kg/images/product/72506/72506.jpg
Сотовый телефон Honor 8A 2/32GB золотой,8990 сом,https://www.kivano.kg/images/product/66875/66875.jpg
Сотовый телефон Huawei Y6 (2019) синий,9990 сом,https://www.kivano.kg/images/product/68411/68411.jpg
Сотовый телефон Honor 20 6/128GB синий,27990 сом,https://www.kivano.kg/images/product/72251/72251.jpg
Сотовый телефон Apple iPhone 11 Pro 256GB серый космос,96440 сом,https://www.kivano.kg/images/product/72507/72507.jpg
Сотовый телефон Huawei Y7 (2019) черный,10990 сом,https://www.kivano.kg/images/product/68412/68412.jpg
Сотовый телефон Honor 20 Pro 8/256GB синий,35990 сом,https://www.kivano.kg/images/product/72252/72252.jpg
Сотовый телефон Huawei Nova 5T 6/128Gb синий,28990 сом,https://www.kivano.kg/images/product/77372/1583236596_95627700.jpg
Сотовый телефон Nokia 8110 4G черный,5350 сом,https://www.kivano.kg/images/product/62780/62780.jpg
Сотовый телефон Huawei Y7 (2019) голубой,10990 сом,https://www.kivano.kg/images/product/68413/68413.jpg
Сотовый телефон Apple iPhone 11 Pro Max 64GB серый космос,91880 сом,https://www.kivano.kg/images/product/72509/72509.jpg
Сотовый телефон Xiaomi Mi Note 10 6/128GB зеленый,33080 сом,https://www.kivano.kg/images/product/76093/1579514671_64644100.jpg
Сотовый телефон Huawei Nova 5T 6/128Gb фиолетовый,28990 сом,https://www.kivano.kg/images/product/77373/1583236777_25342100.jpg
Сотовый телефон Huawei P30 lite черный,17590 сом,https://www.kivano.kg/images/product/68414/68414.jpg
Сотовый телефон Apple iPhone 11 Pro Max 256GB серый космос,104670 сом,https://www.kivano.kg/images/product/72510/72510.jpg
Сотовый телефон Huawei Y9s 6/128GB черный,19990 сом,https://www.kivano.kg/images/product/77374/1583237867_26737700.jpg
Сотовый телефон Huawei P30 lite голубой,17590 сом,https://www.kivano.kg/images/product/68415/68415.jpg
Сотовый телефон Apple iPhone 11 Pro Max 512GB серый космос,116170 сом,https://www.kivano.kg/images/product/72511/72511.jpg
Сотовый телефон Huawei Y9s 6/128GB голубой,19990 сом,https://www.kivano.kg/images/product/77375/1583238036_39509700.jpg
Сотовый телефон Philips Xenium E331,5590 сом,https://www.kivano.kg/images/product/65087/65087.jpg
Сотовый телефон Huawei Y6s 3/64GB синий,11690 сом,https://www.kivano.kg/images/product/77376/1583239079_23168300.jpg
Сотовый телефон Samsung Galaxy J2 (2018) SM-J250F,8080 сом,https://www.kivano.kg/images/product/51520/51520.jpg
Сотовый телефон Huawei Y6s 3/64GB черный,11690 сом,https://www.kivano.kg/images/product/77377/1583239713_26236600.jpg
Сотовый телефон Nokia 105 (2017),1840 сом,https://www.kivano.kg/images/product/56385/56385.jpg
Сотовый телефон Samsung Galaxy A10 (2019) 32GB (A105F/DS) красный,9670 сом,https://www.kivano.kg/images/product/68419/68419.jpg
Сотовый телефон Honor 10 Lite 3/32GB черный,13990 сом,https://www.kivano.kg/images/product/66886/66886.jpg
Сотовый телефон Honor 10 Lite 3/32GB синий,13990 сом,https://www.kivano.kg/images/product/66887/66887.jpg
Сотовый телефон Samsung Galaxy A51 (2020) 64GB (SM-A515F/DS) белый,21330 сом,https://www.kivano.kg/images/product/76362/1580133865_64675200.jpg
Сотовый телефон Samsung Galaxy A01 (2020) 16GB (A015F/DS) красный,8550 сом,https://www.kivano.kg/images/product/76363/1580199324_79680500.jpg
Сотовый телефон Samsung Galaxy A01 (2020) 16GB (A015F/DS) черный,8550 сом,https://www.kivano.kg/images/product/76365/1580199908_25870500.jpg
Сотовый телефон Samsung Galaxy A01 (2020) 16GB (A015F/DS) синий,8550 сом,https://www.kivano.kg/images/product/76367/1580200352_47508600.jpg
Сотовый телефон Honor 10 4/128GB черный,19420 сом,https://www.kivano.kg/images/product/66896/66896.jpg
Сотовый телефон Honor 10 4/128GB синий,19420 сом,https://www.kivano.kg/images/product/66897/66897.jpg
Сотовый телефон Honor 10i 128GB черный,15500 сом,https://www.kivano.kg/images/product/74065/1572882789_49969900.jpg
Сотовый телефон Samsung Galaxy S9 64GB (SM-G960F) черный,31560 сом,https://www.kivano.kg/images/product/52561/52561.jpg
Сотовый телефон Honor 10i 128GB синий,15500 сом,https://www.kivano.kg/images/product/74066/1572883110_31714800.jpg
Сотовый телефон Xiaomi Redmi Note 8 4/128Gb черный,14220 сом,https://www.kivano.kg/images/product/74068/1572904554_02801200.jpg
Сотовый телефон Xiaomi Redmi 8 3/32GB черный,10150 сом,https://www.kivano.kg/images/product/74069/1572906665_84373300.jpg
Сотовый телефон Samsung Galaxy A50 128GB (SM-A505F/DS) голубой,19810 сом,https://www.kivano.kg/images/product/68438/68438.jpg
Сотовый телефон Xiaomi Redmi 8 3/32GB синий,10150 сом,https://www.kivano.kg/images/product/74070/1572907374_00334600.jpg
Сотовый телефон Xiaomi Redmi Note 8 Pro 6/64GB синий,18060 сом,https://www.kivano.kg/images/product/74839/1575240208_01950300.jpg
Сотовый телефон Xiaomi Redmi Note 8T 3/32Gb белый,11430 сом,https://www.kivano.kg/images/product/74840/1575270168_17570500.jpg
Сотовый телефон BRAVIS A504 Trace черный,6470 сом,https://www.kivano.kg/images/product/39000/39000.jpg
Сотовый телефон Samsung Galaxy A50 128GB (SM-A505F/DS) черный,19810 сом,https://www.kivano.kg/images/product/68441/68441.jpg
Сотовый телефон Samsung Galaxy A10 (2019) 32GB (A105F/DS) золотой,9670 сом,https://www.kivano.kg/images/product/70745/70745.jpg
Сотовый телефон Xiaomi Black Shark 2 8/128GB черный,25570 сом,https://www.kivano.kg/images/product/76121/1579592261_23246000.jpg
Сотовый телефон BRAVIS A504 Trace золотой,6950 сом,https://www.kivano.kg/images/product/39001/39001.jpg
Сотовый телефон Xiaomi Black Shark 2 Pro 8/128GB черный,38110 сом,https://www.kivano.kg/images/product/76122/1579592931_50055200.jpg
Сотовый телефон BRAVIS A504 Trace белый,6470 сом,https://www.kivano.kg/images/product/39002/39002.jpg
Сотовый телефон Nokia 2720 Flip Dual sim черный,7350 сом,https://www.kivano.kg/images/product/77403/1583313812_41217400.jpg
Сотовый телефон Nokia 2720 Flip Dual sim красный,7350 сом,https://www.kivano.kg/images/product/77404/1583314176_87637100.jpg
Сотовый телефон Nokia 2720 Flip Dual sim серый,7350 сом,https://www.kivano.kg/images/product/77405/1583314640_28323800.jpg
Сотовый телефон Nokia 130 Dual sim (2017),2320 сом,https://www.kivano.kg/images/product/45661/45661.jpg
Сотовый телефон Philips S326 серый,8240 сом,https://www.kivano.kg/images/product/39006/39006.jpg
Сотовый телефон BRAVIS A505 Joy Plus синий,6550 сом,https://www.kivano.kg//avatars.mds.yandex.net/get-mpic/96484/img_id7447538864012848741/9
Сотовый телефон Samsung Galaxy S9 Plus 64GB (SM-G965F) черный,35950 сом,https://www.kivano.kg/images/product/52574/52574.jpg
Сотовый телефон Xiaomi Redmi Note 8 3/32Gb синий,11430 сом,https://www.kivano.kg/images/product/73823/73823.jpg
Сотовый телефон BQ 1848 Step+ черный,880 сом,https://www.kivano.kg/images/product/75359/1576614415_17400800.jpg
Сотовый телефон Xiaomi Redmi Note 8 3/32Gb черный,11430 сом,https://www.kivano.kg/images/product/73824/73824.jpg
Сотовый телефон BRAVIS A505 Joy Plus белый,6550 сом,https://www.kivano.kg/images/product/40544/40544.jpg
Сотовый телефон Ergo A551 Sky синий,7110 сом,https://www.kivano.kg//avatars.mds.yandex.net/get-mpic/96484/img_id7837171693509932706/9
Сотовый телефон Ergo A551 Sky золотой,7110 сом,https://www.kivano.kg/images/product/40546/40546.jpg
Сотовый телефон Apple iPhone 11 Pro 64GB серебристый,83650 сом,https://www.kivano.kg/images/product/72547/72547.jpg
Сотовый телефон Apple iPhone 11 Pro 256GB серебристый,96440 сом,https://www.kivano.kg/images/product/72548/72548.jpg
Сотовый телефон Samsung Galaxy A20s 32GB черный,12140 сом,https://www.kivano.kg/images/product/74084/1572959728_62487700.jpg
Сотовый телефон Samsung Galaxy S9 Plus 64GB (SM-G965F) серебристый,39390 сом,https://www.kivano.kg/images/product/52580/52580.jpg
Сотовый телефон Samsung Galaxy A20s 32GB синий,12140 сом,https://www.kivano.kg/images/product/74085/1572965988_09163100.jpg
Сотовый телефон BQ 1840 Energy синий,1040 сом,https://www.kivano.kg/images/product/75365/1576642074_95733400.jpg
Сотовый телефон Apple iPhone 11 Pro Max 64GB серебристый,91880 сом,https://www.kivano.kg/images/product/72550/72550.jpg
Сотовый телефон Samsung Galaxy A20s 32GB красный,12140 сом,https://www.kivano.kg/images/product/74086/1572966210_27555800.jpg
Сотовый телефон Apple iPhone 11 Pro Max 256GB серебристый,104670 сом,https://www.kivano.kg/images/product/72551/72551.jpg
Сотовый телефон Xiaomi Redmi Note 8 3/32Gb белый,11430 сом,https://www.kivano.kg/images/product/74087/1572986044_93233300.jpg
Сотовый телефон BQ 2431 Step L+ черный,960 сом,https://www.kivano.kg/images/product/75367/1576642864_03920100.jpg
Сотовый телефон Apple iPhone 11 Pro Max 512GB серебристый,116170 сом,https://www.kivano.kg/images/product/72552/72552.jpg
Сотовый телефон Nokia 150 Dual sim черный,2800 сом,https://www.kivano.kg/images/product/39528/39528.jpg
Сотовый телефон Apple iPhone 11 Pro 64GB золотой,83650 сом,https://www.kivano.kg/images/product/72553/72553.jpg
Сотовый телефон Nokia 216 Dual Sim,3040 сом,https://www.kivano.kg//avatars.mds.yandex.net/get-mpic/200316/img_id3873745026592832244/9
Сотовый телефон Apple iPhone 11 Pro 256GB золотой,96440 сом,https://www.kivano.kg/images/product/72554/72554.jpg
Сотовый телефон Xiaomi Redmi 8 4/64GB синий,10790 сом,https://www.kivano.kg/images/product/74091/1573034828_97852000.jpg
Сотовый телефон Apple iPhone 11 Pro Max 64GB золотой,91880 сом,https://www.kivano.kg/images/product/72556/72556.jpg
Сотовый телефон Apple iPhone 11 Pro Max 256GB золотой,104670 сом,https://www.kivano.kg/images/product/72557/72557.jpg
Сотовый телефон Apple iPhone 11 Pro Max 512GB золотой,116170 сом,https://www.kivano.kg/images/product/72558/72558.jpg
Сотовый телефон Inoi 101 фиолетовый,960 сом,https://www.kivano.kg/images/product/75374/1576658197_26572300.jpg
Сотовый телефон Samsung Galaxy S9 Plus 64GB (SM-G965F) фиолетовый,39390 сом,https://www.kivano.kg/images/product/52590/52590.jpg
Сотовый телефон Apple iPhone 11 Pro 64GB темно-зеленый,83650 сом,https://www.kivano.kg/images/product/72559/72559.jpg
Сотовый телефон Inoi 101 синий,960 сом,https://www.kivano.kg/images/product/75375/1576658330_41117400.jpg
Сотовый телефон Huawei P Smart 32GB синий,10950 сом,https://www.kivano.kg/images/product/65135/65135.jpg
Сотовый телефон Apple iPhone 11 Pro 256GB темно-зеленый,96440 сом,https://www.kivano.kg/images/product/72560/72560.jpg
Сотовый телефон Inoi 105 золотой,1040 сом,https://www.kivano.kg/images/product/75376/1576658977_27902500.jpg
Сотовый телефон Huawei Y7 (2017) (TRT-LX1) серый,6950 сом,https://www.kivano.kg/images/product/44912/44912.jpg
Сотовый телефон Huawei Mate 10 Lite 64GB,11350 сом,https://www.kivano.kg/images/product/54896/54896.jpg
Сотовый телефон Huawei Y5 Prime (2018) черный,7760 сом,https://www.kivano.kg/images/product/65136/65136.jpg
Сотовый телефон Inoi 107 красный,1280 сом,https://www.kivano.kg/images/product/75377/1576659674_22856900.jpg
Сотовый телефон Huawei Y5 Prime (2018) золотой,7760 сом,https://www.kivano.kg/images/product/65137/65137.jpg
Сотовый телефон Apple iPhone 11 Pro Max 64GB темно-зеленый,91880 сом,https://www.kivano.kg/images/product/72562/72562.jpg
Сотовый телефон Inoi 107 белый,1280 сом,https://www.kivano.kg/images/product/75378/1576659807_11272800.jpg
Сотовый телефон Apple iPhone 11 Pro Max 256GB темно-зеленый,104670 сом,https://www.kivano.kg/images/product/72563/72563.jpg
Сотовый телефон Apple iPhone 11 Pro Max 512GB темно-зеленый,116170 сом,https://www.kivano.kg/images/product/72564/72564.jpg
Сотовый телефон Huawei Mate 10 Lite 64GB синий,11350 сом,https://www.kivano.kg/images/product/65140/65140.jpg
Сотовый телефон Philips Xenium E182,3830 сом,https://www.kivano.kg/images/product/70774/70774.jpg
Сотовый телефон Xiaomi Redmi 6 4/64GB черный,8470 сом,https://www.kivano.kg/images/product/59513/59513.jpg
Сотовый телефон Nokia 105 Dual sim (2019) черный,1840 сом,https://www.kivano.kg/images/product/75386/1576667706_37096700.jpg
Сотовый телефон Nokia 105 Dual sim (2019) синий,1840 сом,https://www.kivano.kg/images/product/75387/1576667824_27740600.jpg
Сотовый телефон Nokia 210 серый,2720 сом,https://www.kivano.kg/images/product/75388/1576668640_03502800.jpg
Сотовый телефон Inoi 101,960 сом,https://www.kivano.kg/images/product/75133/1575898844_01621000.jpg
Сотовый телефон Apple iPhone Xr 64GB черный,47790 сом,https://www.kivano.kg/images/product/59774/59774.jpg
Сотовый телефон Xiaomi Redmi 6 4/64GB золотой,8470 сом,https://www.kivano.kg/images/product/58751/58751.jpg
Сотовый телефон Apple iPhone Xr 128GB черный,50900 сом,https://www.kivano.kg/images/product/59775/59775.jpg
Сотовый телефон Nokia 210 красный,2720 сом,https://www.kivano.kg/images/product/75392/1576672891_19182100.jpg
Сотовый телефон Apple iPhone Xr 256GB черный,56100 сом,https://www.kivano.kg/images/product/59776/59776.jpg
Сотовый телефон Nokia 230 Dual Sim синий,4230 сом,https://www.kivano.kg/images/product/75393/1576673544_72059700.jpg
Сотовый телефон Nokia 8110 4G желтый,5350 сом,https://www.kivano.kg/images/product/75394/1576674573_67281400.jpg
Сотовый телефон Huawei P smart Z 4/64GB зеленый,15580 сом,https://www.kivano.kg/images/product/76932/1581933337_75875900.jpg
Сотовый телефон Samsung Galaxy A8 Star 64GB (SM-G885F) белый,15180 сом,https://www.kivano.kg/images/product/70790/70790.jpg
Сотовый телефон Samsung Galaxy A8 Star 64GB (SM-G885F) черный,15180 сом,https://www.kivano.kg/images/product/70791/70791.jpg
Сотовый телефон Apple iPhone Xr 64GB коралловый,47790 сом,https://www.kivano.kg/images/product/59785/59785.jpg
Сотовый телефон Apple iPhone SE (2020) 64GB черный,Скоро,https://www.kivano.kg/images/product/78730/1587239994_19577000.jpg
Сотовый телефон Nokia 3310 Dual Sim (2017) черный,3750 сом,https://www.kivano.kg/images/product/42122/42122.jpg
Сотовый телефон Apple iPhone Xr 128GB коралловый,50900 сом,https://www.kivano.kg/images/product/59786/59786.jpg
Сотовый телефон Apple iPhone SE (2020) 128GB черный,Скоро,https://www.kivano.kg/images/product/78731/1587240316_29823700.jpg
Сотовый телефон Nokia 3310 Dual Sim (2017) оранжевый,3670 сом,https://www.kivano.kg/images/product/42123/42123.jpg
Сотовый телефон Apple iPhone Xr 256GB коралловый,56100 сом,https://www.kivano.kg/images/product/59787/59787.jpg
Сотовый телефон Xiaomi Mi 9 Lite 6/64GB черный,18220 сом,https://www.kivano.kg/images/product/72844/72844.jpg
Сотовый телефон Apple iPhone SE (2020) 256GB черный,Скоро,https://www.kivano.kg/images/product/78732/1587240629_83416100.jpg
Сотовый телефон Nokia 3310 Dual Sim (2017) желтый,3670 сом,https://www.kivano.kg/images/product/42124/42124.jpg
Сотовый телефон Apple iPhone Xr 64GB голубой,47790 сом,https://www.kivano.kg/images/product/59788/59788.jpg
Сотовый телефон Apple iPhone SE (2020) 256GB красный,Скоро,https://www.kivano.kg/images/product/78733/1587240826_04759600.jpg
Сотовый телефон Nokia 3310 Dual Sim (2017) серый,3670 сом,https://www.kivano.kg/images/product/42125/42125.jpg
Сотовый телефон Apple iPhone Xr 128GB голубой,50900 сом,https://www.kivano.kg/images/product/59789/59789.jpg
Сотовый телефон Xiaomi Mi 9 Lite 6/64GB синий,18780 сом,https://www.kivano.kg/images/product/72846/72846.jpg
Сотовый телефон Apple iPhone SE (2020) 128GB красный,Скоро,https://www.kivano.kg/images/product/78734/1587240967_90749500.jpg
Сотовый телефон Apple iPhone Xr 256GB голубой,56100 сом,https://www.kivano.kg/images/product/59790/59790.jpg
Сотовый телефон Honor 7A 2/16Gb черный,7390 сом,https://www.kivano.kg/images/product/61582/61582.jpg
Сотовый телефон Apple iPhone SE (2020) 64GB красный,Скоро,https://www.kivano.kg/images/product/78735/1587241523_11845600.jpg
Сотовый телефон Apple iPhone Xr 64GB белый,47790 сом,https://www.kivano.kg/images/product/59791/59791.jpg
Сотовый телефон Honor 7A 2/16Gb синий,7390 сом,https://www.kivano.kg/images/product/61583/61583.jpg
Сотовый телефон X-AGE K501 черный,1120 сом,https://www.kivano.kg/images/product/71312/71312.jpg
Сотовый телефон Apple iPhone SE (2020) 64GB белый,Скоро,https://www.kivano.kg/images/product/78736/1587241651_45821700.jpg
Сотовый телефон Philips Xenium E560,6950 сом,https://www.kivano.kg/images/product/23952/23952.jpg
Сотовый телефон Nokia 150 Dual sim белый,2800 сом,https://www.kivano.kg/images/product/45456/45456.jpg
Сотовый телефон Apple iPhone Xr 128GB белый,50900 сом,https://www.kivano.kg/images/product/59792/59792.jpg
Сотовый телефон Honor 7A 2/16Gb золотой,7390 сом,https://www.kivano.kg/images/product/61584/61584.jpg
Сотовый телефон Apple iPhone SE (2020) 128GB белый,Скоро,https://www.kivano.kg/images/product/78737/1587241787_51978300.jpg
Сотовый телефон Apple iPhone Xr 256GB белый,56100 сом,https://www.kivano.kg/images/product/59793/59793.jpg
Сотовый телефон Xiaomi Mi 9 Lite 6/128GB белый,19650 сом,https://www.kivano.kg/images/product/72850/72850.jpg
Сотовый телефон Apple iPhone SE (2020) 256GB белый,Скоро,https://www.kivano.kg/images/product/78738/1587241958_61677900.jpg
Сотовый телефон Huawei P Smart 32GB,10950 сом,https://www.kivano.kg/images/product/57234/57234.jpg
Сотовый телефон Apple iPhone Xr 64GB желтый,47790 сом,https://www.kivano.kg/images/product/59794/59794.jpg
Сотовый телефон Xiaomi Mi 9 Lite 6/64GB белый,18220 сом,https://www.kivano.kg/images/product/72851/72851.jpg
Сотовый телефон Samsung Galaxy A51 (2020) 64GB (SM-A515F/DS) голубой,21090 сом,https://www.kivano.kg/images/product/76947/1581942839_83387600.jpg
Сотовый телефон Apple iPhone Xr 128GB желтый,50900 сом,https://www.kivano.kg/images/product/59795/59795.jpg
Сотовый телефон Samsung Galaxy A51 (2020) 128GB (SM-A515F/DS) голубой,21570 сом,https://www.kivano.kg/images/product/76948/1581958959_35201800.jpg
Сотовый телефон Apple iPhone Xr 256GB желтый,56100 сом,https://www.kivano.kg/images/product/59796/59796.jpg
Сотовый телефон Samsung Galaxy A20 32GB (SM-A205F/DS) черный,11820 сом,https://www.kivano.kg/images/product/66965/66965.jpg
Сотовый телефон Samsung Galaxy A51 (2020) 128GB (SM-A515F/DS) розовый,22450 сом,https://www.kivano.kg/images/product/76949/1581960095_26154200.jpg
Сотовый телефон Apple iPhone 8 256GB красный,49700 сом,https://www.kivano.kg/images/product/57237/57237.jpg
Сотовый телефон Apple iPhone Xr 64GB красный,47790 сом,https://www.kivano.kg/images/product/59797/59797.jpg
Сотовый телефон Samsung Galaxy A20 32GB (SM-A205F/DS) синий,11820 сом,https://www.kivano.kg/images/product/66966/66966.jpg
Сотовый телефон Vertex S105,1680 сом,https://www.kivano.kg/images/product/76950/1581963448_19858900.jpg
Сотовый телефон Apple iPhone Xr 128GB красный,50900 сом,https://www.kivano.kg/images/product/59798/59798.jpg
Сотовый телефон Philips Xenium E580,5350 сом,https://www.kivano.kg/images/product/66455/66455.jpg
Сотовый телефон Vertex D527 черный,1280 сом,https://www.kivano.kg/images/product/76951/1581963984_26194900.jpg
Сотовый телефон Huawei Y5 Prime (2018),7760 сом,https://www.kivano.kg/images/product/57239/57239.jpg
Сотовый телефон Apple iPhone Xr 256GB красный,56100 сом,https://www.kivano.kg/images/product/59799/59799.jpg
Сотовый телефон Samsung Galaxy A30 32GB (SM-A305F/DS) черный,13900 сом,https://www.kivano.kg/images/product/66456/66456.jpg
Сотовый телефон Vertex D532 черный,1520 сом,https://www.kivano.kg/images/product/76952/1581964686_06178600.jpg
Сотовый телефон Samsung Galaxy A30 32GB (SM-A305F/DS) голубой,13820 сом,https://www.kivano.kg/images/product/66457/66457.jpg
Сотовый телефон Samsung Galaxy S9 Plus 64GB (SM-G965F) золотой,39390 сом,https://www.kivano.kg/images/product/57241/57241.jpg
Сотовый телефон Xiaomi Redmi 7A 2/16GB черный,7030 сом,https://www.kivano.kg/images/product/70298/70298.jpg
Сотовый телефон Xiaomi Redmi 7A 2/32GB черный,7270 сом,https://www.kivano.kg/images/product/70299/70299.jpg
Сотовый телефон Samsung Galaxy A70 128GB (SM-A705F/DS) белый,25330 сом,https://www.kivano.kg/images/product/69532/69532.jpg
Сотовый телефон Xiaomi Redmi 7A 2/16GB синий,7030 сом,https://www.kivano.kg/images/product/70300/70300.jpg
Сотовый телефон Xiaomi Redmi Note 8T 3/32Gb синий,11430 сом,https://www.kivano.kg/images/product/74397/1574005972_02159800.jpg
Сотовый телефон Samsung Galaxy A50 64GB (SM-A505F/DS) голубой,17740 сом,https://www.kivano.kg/images/product/66462/66462.jpg
Сотовый телефон Samsung Galaxy A30 32GB (SM-A305F/DS) белый,13820 сом,https://www.kivano.kg/images/product/69534/69534.jpg
Сотовый телефон Samsung Galaxy A50 64GB (SM-A505F/DS) черный,17740 сом,https://www.kivano.kg/images/product/66463/66463.jpg
Сотовый телефон Samsung Galaxy A40 64GB (SM-A405F/DS) белый,16150 сом,https://www.kivano.kg/images/product/69535/69535.jpg
Сотовый телефон Xiaomi Mi Note 10 6/128GB черный,32760 сом,https://www.kivano.kg/images/product/75167/1576091243_64343000.jpg
Сотовый телефон Samsung Galaxy A50 128GB (SM-A505F/DS) белый,19810 сом,https://www.kivano.kg/images/product/69536/69536.jpg
Сотовый телефон Xiaomi Mi Note 10 6/128GB белый,33080 сом,https://www.kivano.kg/images/product/75168/1576091699_47266700.jpg
Сотовый телефон Samsung Galaxy J2 Core (2018) SM-J260F черный,6790 сом,https://www.kivano.kg/images/product/59808/59808.jpg
Сотовый телефон Samsung Galaxy J2 Core (2018) SM-J260F золотой,6790 сом,https://www.kivano.kg/images/product/59809/59809.jpg
Сотовый телефон ASUS Fonepad Note 6 16Gb черный,31730 сом,https://www.kivano.kg/images/product/31395/31395.jpg
Сотовый телефон Xiaomi Redmi Note 8 Pro 6/128GB белый,20050 сом,https://www.kivano.kg/images/product/72871/72871.jpg
Сотовый телефон Xiaomi Redmi Note 8 Pro 6/64GB черный,18140 сом,https://www.kivano.kg/images/product/72872/72872.jpg
Сотовый телефон Xiaomi Redmi 8A 2/32GB синий,8630 сом,https://www.kivano.kg/images/product/73128/73128.jpg
Сотовый телефон Xiaomi Redmi 8A 2/32GB черный,8630 сом,https://www.kivano.kg/images/product/73129/73129.jpg
Сотовый телефон teXet TM-128 черный,960 сом,https://www.kivano.kg/images/product/41897/41897.jpg
Сотовый телефон Xiaomi Redmi Note 8 Pro 6/128GB черный,20130 сом,https://www.kivano.kg/images/product/73130/73130.jpg
Сотовый телефон Xiaomi Redmi Note 8 4/64Gb белый,12780 сом,https://www.kivano.kg/images/product/72875/72875.jpg
Сотовый телефон Xiaomi Redmi Note 8 Pro 6/64GB белый,17980 сом,https://www.kivano.kg/images/product/73131/73131.jpg
Сотовый телефон Xiaomi Redmi Note 8 4/64Gb черный,12780 сом,https://www.kivano.kg/images/product/72876/72876.jpg
Сотовый телефон Xiaomi Redmi Note 8 4/64Gb синий,12780 сом,https://www.kivano.kg/images/product/72877/72877.jpg
Сотовый телефон Xiaomi Redmi Note 8 Pro 6/128GB синий,20210 сом,https://www.kivano.kg/images/product/74925/1575390639_38398700.jpg
Сотовый телефон Xiaomi Redmi 8 4/64GB красный,10790 сом,https://www.kivano.kg/images/product/74671/1574672908_37184300.jpg
Сотовый телефон Inoi 246Z серый,2080 сом,https://www.kivano.kg/images/product/76719/1581336577_76744100.jpg
Сотовый телефон Inoi 246Z золотой,2080 сом,https://www.kivano.kg/images/product/76720/1581336760_09050700.jpg
Сотовый телефон Inoi 281 черный,1440 сом,https://www.kivano.kg/images/product/76721/1581337660_75163000.jpg
Сотовый телефон Inoi 287 черный,1680 сом,https://www.kivano.kg/images/product/76722/1581338199_54888000.jpg
Сотовый телефон Inoi 287 золотой,1680 сом,https://www.kivano.kg/images/product/76723/1581338338_65887300.jpg
Сотовый телефон Fly F+ F195,1120 сом,https://www.kivano.kg/images/product/76724/1581339142_24887800.jpg
Сотовый телефон Philips Xenium E125,2240 сом,https://www.kivano.kg/images/product/69814/69814.jpg
Сотовый телефон Philips Xenium E169,2560 сом,https://www.kivano.kg/images/product/69815/69815.jpg
Сотовый телефон Samsung Galaxy S10 8/128GB (SM-G973F/DS) синий,46500 сом,https://www.kivano.kg/images/product/72631/72631.jpg
Сотовый телефон Xiaomi Redmi Note 8T 3/32Gb черный,11430 сом,https://www.kivano.kg/images/product/74679/1574678762_56263800.jpg
Сотовый телефон Nokia 105 Dual sim (2017),1920 сом,https://www.kivano.kg/images/product/48312/48312.jpg
Сотовый телефон Honor 7A Pro 2/16Gb золотой,7760 сом,https://www.kivano.kg/images/product/61882/61882.jpg
Сотовый телефон Nokia 106 (2018),2080 сом,https://www.kivano.kg/images/product/63418/63418.jpg
Сотовый телефон Honor 7A Pro 2/16Gb черный,7760 сом,https://www.kivano.kg/images/product/61883/61883.jpg
Сотовый телефон Honor 7A Pro 2/16Gb синий,7760 сом,https://www.kivano.kg/images/product/61884/61884.jpg
Сотовый телефон Xiaomi Mi 9T 6/128GB черный,22210 сом,https://www.kivano.kg/images/product/70077/70077.jpg
Сотовый телефон Samsung Galaxy A30s 32GB (SM-A307F/DS) черный,13900 сом,https://www.kivano.kg/images/product/72893/72893.jpg
Сотовый телефон Nokia 110 (2019),2240 сом,https://www.kivano.kg/images/product/74685/1574766360_39968400.jpg
Сотовый телефон Honor 7C 3/32Gb синий,9750 сом,https://www.kivano.kg/images/product/61885/61885.jpg
Сотовый телефон Samsung Galaxy A30s 32GB (SM-A307F/DS) белый,13820 сом,https://www.kivano.kg/images/product/72894/72894.jpg
Сотовый телефон Honor 7C 3/32Gb черный,9750 сом,https://www.kivano.kg/images/product/61886/61886.jpg
Сотовый телефон Samsung Galaxy A30s 32GB (SM-A307F/DS) зеленый,13820 сом,https://www.kivano.kg/images/product/72895/72895.jpg
Сотовый телефон Honor 7C 3/32Gb золотой,9750 сом,https://www.kivano.kg/images/product/61887/61887.jpg
Сотовый телефон Samsung Galaxy A30s 64GB (SM-A307F/DS) черный,14780 сом,https://www.kivano.kg/images/product/72896/72896.jpg
Сотовый телефон Apple iPhone 8 Plus 64GB красный,44980 сом,https://www.kivano.kg/images/product/54720/54720.jpg
Сотовый телефон Samsung Galaxy A30s 64GB (SM-A307F/DS) белый,14780 сом,https://www.kivano.kg/images/product/72897/72897.jpg
Сотовый телефон Samsung Galaxy A30s 64GB (SM-A307F/DS) зеленый,14620 сом,https://www.kivano.kg/images/product/72898/72898.jpg
Сотовый телефон Apple iPhone 11 64GB Dual Sim черный,62480 сом,https://www.kivano.kg/images/product/72643/72643.jpg
Сотовый телефон Philips Xenium E255,3910 сом,https://www.kivano.kg/images/product/69828/69828.jpg
Сотовый телефон Apple iPhone 11 128GB Dual Sim черный,67280 сом,https://www.kivano.kg/images/product/72644/72644.jpg
Сотовый телефон teXet TM-127,1040 сом,https://www.kivano.kg/images/product/69829/69829.jpg
Сотовый телефон iLife itell S280C,3280 сом,https://www.kivano.kg/images/product/19397/19397.jpg
Сотовый телефон Apple iPhone 11 64GB Dual Sim фиолетовый,62480 сом,https://www.kivano.kg/images/product/72646/72646.jpg
Сотовый телефон Inoi 100,960 сом,https://www.kivano.kg/images/product/74694/1574769397_04624600.jpg
Сотовый телефон Apple iPhone 11 128GB Dual Sim фиолетовый,67280 сом,https://www.kivano.kg/images/product/72647/72647.jpg
Сотовый телефон Inoi 243 черный,1920 сом,https://www.kivano.kg/images/product/74696/1574772991_32879400.jpg
Сотовый телефон Honor 8S 2/32GB черный,7990 сом,https://www.kivano.kg/images/product/71113/71113.jpg
Сотовый телефон Apple iPhone 11 64GB Dual Sim зеленый,62480 сом,https://www.kivano.kg/images/product/72649/72649.jpg
Сотовый телефон Inoi 243 серебристый,1920 сом,https://www.kivano.kg/images/product/74697/1574773141_99505000.jpg
Смартфон iLife itell S500S серебристый,7110 сом,https://www.kivano.kg/images/product/19401/19401.jpg
Сотовый телефон Honor 8S 2/32GB золотой,7990 сом,https://www.kivano.kg/images/product/71114/71114.jpg
Сотовый телефон Apple iPhone 11 128GB Dual Sim зеленый,67280 сом,https://www.kivano.kg/images/product/72650/72650.jpg
Сотовый телефон Samsung Galaxy A70 128GB (SM-A705F/DS) черный,25330 сом,https://www.kivano.kg/images/product/68555/68555.jpg
Сотовый телефон Honor 8S 2/32GB синий,7990 сом,https://www.kivano.kg/images/product/71115/71115.jpg
Сотовый телефон Samsung Galaxy A70 128GB (SM-A705F/DS) голубой,24220 сом,https://www.kivano.kg/images/product/68556/68556.jpg
Сотовый телефон Fly FF190,1120 сом,https://www.kivano.kg/images/product/69836/69836.jpg
Сотовый телефон Apple iPhone 11 64GB Dual Sim желтый,62480 сом,https://www.kivano.kg/images/product/72652/72652.jpg
Сотовый телефон Inoi 105,1200 сом,https://www.kivano.kg/images/product/69837/69837.jpg
Сотовый телефон Apple iPhone 11 128GB Dual Sim желтый,67280 сом,https://www.kivano.kg/images/product/72653/72653.jpg
Сотовый телефон Huawei P Smart 32GB золотой,10950 сом,https://www.kivano.kg/images/product/68814/68814.jpg
Сотовый телефон Apple iPhone 11 64GB Dual Sim белый,62480 сом,https://www.kivano.kg/images/product/72655/72655.jpg
Сотовый телефон Apple iPhone 11 128GB Dual Sim белый,67280 сом,https://www.kivano.kg/images/product/72656/72656.jpg
Сотовый телефон Samsung Galaxy A10s (2019) 32GB (A107F/DS) синий,10310 сом,https://www.kivano.kg/images/product/72401/72401.jpg
Сотовый телефон Inoi 108,1280 сом,https://www.kivano.kg/images/product/69842/69842.jpg
Сотовый телефон Samsung Galaxy A10s (2019) 32GB (A107F/DS) черный,10310 сом,https://www.kivano.kg/images/product/72402/72402.jpg
Сотовый телефон Apple iPhone 11 64GB Dual Sim красный,62480 сом,https://www.kivano.kg/images/product/72658/72658.jpg
Сотовый телефон Huawei Y5 (2019) 32GB коричневый,8290 сом,https://www.kivano.kg/images/product/69587/69587.jpg
Сотовый телефон Samsung Galaxy A10s (2019) 32GB (A107F/DS) красный,10310 сом,https://www.kivano.kg/images/product/72403/72403.jpg
Сотовый телефон Apple iPhone 11 128GB Dual Sim красный,67280 сом,https://www.kivano.kg/images/product/72659/72659.jpg
Сотовый телефон Huawei Y5 (2019) 32GB черный,8290 сом,https://www.kivano.kg/images/product/69588/69588.jpg
Сотовый телефон Samsung Galaxy A80 128GB (SM-A805F/DS) черный,31890 сом,https://www.kivano.kg/images/product/72404/72404.jpg
Сотовый телефон Samsung Galaxy A80 128GB (SM-A805F/DS) серебристый,31560 сом,https://www.kivano.kg/images/product/72405/72405.jpg
Сотовый телефон Xiaomi Redmi 8 4/64GB черный,10790 сом,https://www.kivano.kg/images/product/73429/73429.jpg
Сотовый телефон Huawei Y5 Lite (2019) черный,6550 сом,https://www.kivano.kg/images/product/71638/71638.jpg
Сотовый телефон Huawei Y5 Lite (2019) синий,6550 сом,https://www.kivano.kg/images/product/71640/71640.jpg
Сотовый телефон Huawei P30 голубой,47790 сом,https://www.kivano.kg/images/product/69593/69593.jpg
Сотовый телефон BRAVIS A503 Joy черный,5590 сом,https://www.kivano.kg/images/product/34265/34265.jpg
Сотовый телефон Apple iPhone 11 64GB черный,59680 сом,https://www.kivano.kg/images/product/72410/72410.jpg
Сотовый телефон BRAVIS A503 Joy золотой,5590 сом,https://www.kivano.kg/images/product/34266/34266.jpg
Сотовый телефон BRAVIS A503 Joy белый,5590 сом,https://www.kivano.kg/images/product/34267/34267.jpg
Сотовый телефон Samsung Galaxy S9 Plus 64GB (SM-G965F) РСТ красный,39390 сом,https://www.kivano.kg/images/product/58334/58334.jpg
Сотовый телефон Huawei Y9 Prime (2019) черный,16490 сом,https://www.kivano.kg/images/product/71647/71647.jpg
Сотовый телефон Inoi 241 черный,1360 сом,https://www.kivano.kg/images/product/73695/73695.jpg
Сотовый телефон Huawei Y6 Prime (2018) 16GB черный,8240 сом,https://www.kivano.kg/images/product/61663/61663.jpg
Сотовый телефон Huawei Y6 Prime (2018) 16GB синий,8240 сом,https://www.kivano.kg/images/product/61664/61664.jpg
Сотовый телефон Huawei Y9 Prime (2019) синий,16490 сом,https://www.kivano.kg/images/product/71649/71649.jpg
Сотовый телефон Huawei Y6 Prime (2018) 16GB золотой,8240 сом,https://www.kivano.kg/images/product/61665/61665.jpg
Сотовый телефон Huawei P30 Pro голубой,67280 сом,https://www.kivano.kg/images/product/69602/69602.jpg
Сотовый телефон Xiaomi Mi 9T 6/64GB черный,21170 сом,https://www.kivano.kg/images/product/69858/69858.jpg
Сотовый телефон Nokia 230 Dual Sim черный,4230 сом,https://www.kivano.kg/images/product/38119/38119.jpg
Сотовый телефон Xiaomi Redmi 7 3/32GB черный,9750 сом,https://www.kivano.kg/images/product/66792/66792.jpg
Сотовый телефон Honor 10 Lite 3/64GB черный,12940 сом,https://www.kivano.kg/images/product/75496/1577256127_68240200.jpg
Сотовый телефон Ergo A502 Aurum белый,5190 сом,https://www.kivano.kg/images/product/40680/40680.jpg
Сотовый телефон Honor 10 Lite 3/64GB синий,12940 сом,https://www.kivano.kg/images/product/75497/1577256333_13702300.jpg
Сотовый телефон Honor 9X 4/128GB черный,17580 сом,https://www.kivano.kg/images/product/75498/1577257114_27868800.jpg
Сотовый телефон Honor 9X 4/128GB синий,17580 сом,https://www.kivano.kg/images/product/75499/1577257487_34485300.jpg
Сотовый телефон Honor 10 Lite 3/32GB голубой,13990 сом,https://www.kivano.kg/images/product/69101/69101.jpg
Сотовый телефон Huawei Y7 Prime (2019) черный,11990 сом,https://www.kivano.kg/images/product/71662/71662.jpg
Сотовый телефон Huawei Y7 Prime (2019) синий,11990 сом,https://www.kivano.kg/images/product/71663/71663.jpg
Сотовый телефон Xiaomi Mi Note 10 Pro 8/256GB зеленый,36350 сом,https://www.kivano.kg/images/product/76531/1580718453_91810900.jpg
Сотовый телефон Xiaomi Mi Note 10 Pro 8/256GB белый,36350 сом,https://www.kivano.kg/images/product/76532/1580718616_64751300.jpg
Сотовый телефон Xiaomi Redmi Note 8T 4/128Gb белый,14860 сом,https://www.kivano.kg/images/product/77044/1582514827_01837600.jpg
Сотовый телефон Apple iPhone 11 128GB черный,64090 сом,https://www.kivano.kg/images/product/72439/72439.jpg
Сотовый телефон Samsung Galaxy S20 8/128GB (SM-G980F/DS) красный,64480 сом,https://www.kivano.kg/images/product/76792/1581593623_09839000.jpg
Сотовый телефон Samsung Galaxy S20 8/128GB (SM-G980F/DS) голубой,64480 сом,https://www.kivano.kg/images/product/76793/1581593814_16728400.jpg
Сотовый телефон Samsung Galaxy S20 8/128GB (SM-G980F/DS) серый,Скоро,https://www.kivano.kg/images/product/76794/1581594036_35914900.jpg
Сотовый телефон Samsung Galaxy S20 Plus 8/128GB (SM-G985F/DS) серый,70070 сом,https://www.kivano.kg/images/product/76795/1581595075_45027500.jpg
Сотовый телефон Samsung Galaxy A50 64GB (SM-A505F/DS) белый,17740 сом,https://www.kivano.kg/images/product/69884/69884.jpg
Сотовый телефон Samsung Galaxy S20 Plus 8/128GB (SM-G985F/DS) черный,67440 сом,https://www.kivano.kg/images/product/76796/1581595240_24727000.jpg
Сотовый телефон Samsung Galaxy S20 Plus 8/128GB (SM-G985F/DS) красный,70070 сом,https://www.kivano.kg/images/product/76797/1581595560_70267800.jpg
Сотовый телефон Samsung Galaxy S10 Lite 6/128GB (SM-G770F/DS) синий,42190 сом,https://www.kivano.kg/images/product/77565/1583754466_55221500.jpg
Сотовый телефон Samsung Galaxy S20 Ultra 12/128GB (SM-G988B/DS) черный,Скоро,https://www.kivano.kg/images/product/76798/1581597056_14184600.jpg
Сотовый телефон Samsung Galaxy S10 Lite 6/128GB (SM-G770F/DS) черный,42190 сом,https://www.kivano.kg/images/product/77566/1583754644_49982400.jpg
Сотовый телефон Samsung Galaxy S20 Ultra 12/128GB (SM-G988B/DS) серый,Скоро,https://www.kivano.kg/images/product/76799/1581597195_19585800.jpg
Сотовый телефон Samsung Galaxy A71 (2020) 128GB (SM-A715F/DS) черный,30360 сом,https://www.kivano.kg/images/product/77055/1582525676_43956300.jpg
Сотовый телефон ASUS ZenFone 4 Max Pro ZC554KL 3/32GB черный,10980 сом,https://www.kivano.kg/images/product/55680/55680.jpg
Сотовый телефон ASUS ZenFone 4 Selfie ZD553KL черный,15120 сом,https://www.kivano.kg/images/product/55686/55686.jpg
Сотовый телефон ASUS PadFone mini черный,16690 сом,https://www.kivano.kg/images/product/55687/55687.jpg
Сотовый телефон Samsung Galaxy Z Flip 8/256GB (SM-F700F) черный бриллиант,Скоро,https://www.kivano.kg/images/product/76800/1581598044_48669400.jpg
Сотовый телефон Samsung Galaxy A71 (2020) 128GB (SM-A715F/DS) голубой,30760 сом,https://www.kivano.kg/images/product/77056/1582525881_79253800.jpg
Сотовый телефон Samsung Galaxy Z Flip 8/256GB (SM-F700F) сияющий аметист,Скоро,https://www.kivano.kg/images/product/76801/1581598389_23157800.jpg
Сотовый телефон Samsung Galaxy A71 (2020) 128GB (SM-A715F/DS) серебристый,30360 сом,https://www.kivano.kg/images/product/77057/1582526561_18637600.jpg
Сотовый телефон BRAVIS A552 Joy Max золотой,6710 сом,https://www.kivano.kg/images/product/40705/40705.jpg
Сотовый телефон Huawei P smart Z 4/64GB черный,14990 сом,https://www.kivano.kg/images/product/70402/70402.jpg
Сотовый телефон BRAVIS A552 Joy Max серый,6710 сом,https://www.kivano.kg/images/product/40706/40706.jpg
Сотовый телефон Huawei P smart Z 4/64GB синий,14990 сом,https://www.kivano.kg/images/product/70403/70403.jpg
Сотовый телефон BRAVIS Next черный,5430 сом,https://www.kivano.kg/images/product/27139/27139.jpg
Сотовый телефон Xiaomi Mi 9T 6/64GB синий,20850 сом,https://www.kivano.kg/images/product/70404/70404.jpg
Сотовый телефон Samsung Galaxy S10 plus 8/128GB (SM-G975F/DS) синий,53850 сом,https://www.kivano.kg/images/product/74500/1574183647_27781400.jpg
Сотовый телефон Philips Xenium E311 синий,5590 сом,https://www.kivano.kg/images/product/27140/27140.jpg
Сотовый телефон Xiaomi Mi 9T 6/128GB синий,21890 сом,https://www.kivano.kg/images/product/70405/70405.jpg
Сотовый телефон Samsung Galaxy S10 8/128GB (SM-G973F/DS) черный оникс,46500 сом,https://www.kivano.kg/images/product/66054/66054.jpg
Сотовый телефон Xiaomi Redmi 8 3/32GB красный,10070 сом,https://www.kivano.kg/images/product/74246/1573490405_93801400.jpg
Сотовый телефон BRAVIS Trend черный,6630 сом,https://www.kivano.kg/images/product/27142/27142.jpg
Сотовый телефон Samsung Galaxy S10 Plus 8/128GB (SM-G975F/DS) черный оникс,53370 сом,https://www.kivano.kg/images/product/66055/66055.jpg
Сотовый телефон Xiaomi Redmi Note 8 4/128Gb белый,14060 сом,https://www.kivano.kg/images/product/74247/1573491939_03043500.jpg
Сотовый телефон BRAVIS Trend белый,6630 сом,https://www.kivano.kg/images/product/27143/27143.jpg
Сотовый телефон Honor 8X 4/64GB синий,12780 сом,https://www.kivano.kg/images/product/63495/63495.jpg
Сотовый телефон Samsung Galaxy S10 8/128GB (SM-G973F/DS) аквамарин,45780 сом,https://www.kivano.kg/images/product/66056/66056.jpg
Сотовый телефон Philips Xenium E109 черный,1840 сом,https://www.kivano.kg/images/product/69896/69896.jpg
Сотовый телефон Xiaomi Redmi Note 8 4/128Gb синий,14220 сом,https://www.kivano.kg/images/product/74248/1573492383_95124500.jpg
Сотовый телефон Honor 8X 4/64GB черный,12780 сом,https://www.kivano.kg/images/product/63496/63496.jpg
Сотовый телефон Samsung Galaxy S10 plus 8/128GB (SM-G975F/DS) аквамарин,53690 сом,https://www.kivano.kg/images/product/66057/66057.jpg
Сотовый телефон Xiaomi Redmi Note 8T 4/64Gb черный,13580 сом,https://www.kivano.kg/images/product/74249/1573499606_86250200.jpg
Сотовый телефон Honor 8X 4/64GB красный,12780 сом,https://www.kivano.kg/images/product/63497/63497.jpg
Сотовый телефон Samsung Galaxy S10 plus 8/128GB (SM-G975F/DS) перламутр,53370 сом,https://www.kivano.kg/images/product/66058/66058.jpg
Сотовый телефон Jinga Start,4070 сом,https://www.kivano.kg/images/product/66314/66314.jpg
Сотовый телефон Nokia 210 черный,2960 сом,https://www.kivano.kg/images/product/69898/69898.jpg
Сотовый телефон Xiaomi Redmi Note 8T 4/64Gb синий,13580 сом,https://www.kivano.kg/images/product/74250/1573499794_54790400.jpg
Сотовый телефон Samsung Galaxy S10 8/128GB (SM-G973F/DS) перламутр,45780 сом,https://www.kivano.kg/images/product/66059/66059.jpg
Сотовый телефон Philips Xenium V377 черный,9670 сом,https://www.kivano.kg/images/product/27147/27147.jpg
Сотовый телефон Samsung Galaxy S10e 6/128GB (SM-G970F/DS) черный оникс,36350 сом,https://www.kivano.kg/images/product/66060/66060.jpg
Сотовый телефон Samsung Galaxy S10e 6/128GB (SM-G970F/DS) аквамарин,36350 сом,https://www.kivano.kg/images/product/66061/66061.jpg
Сотовый телефон Samsung Galaxy S10e 6/128GB (SM-G970F/DS) перламутр,36350 сом,https://www.kivano.kg/images/product/66062/66062.jpg
Сотовый телефон Xiaomi Mi9 SE 6/128GB синий,21010 сом,https://www.kivano.kg/images/product/67086/67086.jpg
Сотовый телефон Xiaomi Redmi Note 8T 4/128Gb черный,15020 сом,https://www.kivano.kg/images/product/75790/1578854726_07369400.jpg
Сотовый телефон Philips Xenium V526 LTE синий,15580 сом,https://www.kivano.kg/images/product/27150/27150.jpg
Сотовый телефон Apple iPhone 8 64GB золотой,33960 сом,https://www.kivano.kg/images/product/45070/45070.jpg
Сотовый телефон Apple iPhone 8 256GB золотой,49700 сом,https://www.kivano.kg/images/product/45073/45073.jpg
Сотовый телефон Xiaomi Redmi 7A 2/32GB синий,7760 сом,https://www.kivano.kg/images/product/70418/70418.jpg
Сотовый телефон Xiaomi Mi Mix 2 6/64GB черный,21410 сом,https://www.kivano.kg/images/product/51218/51218.jpg
Сотовый телефон Apple iPhone 8 64GB серый космос,33960 сом,https://www.kivano.kg/images/product/45075/45075.jpg
Сотовый телефон Apple iPhone 8 256GB серый космос,49700 сом,https://www.kivano.kg/images/product/45077/45077.jpg
Сотовый телефон Xiaomi Redmi 8A 2/32GB красный,8550 сом,https://www.kivano.kg/images/product/73243/73243.jpg
Сотовый телефон Nokia 230 Dual Sim белый,4390 сом,https://www.kivano.kg/images/product/42779/42779.jpg
Сотовый телефон Xiaomi Redmi Note 8 Pro 6/64GB зеленый,19020 сом,https://www.kivano.kg/images/product/73244/73244.jpg
Сотовый телефон Xiaomi Redmi Note 8 Pro 6/128GB зеленый,19890 сом,https://www.kivano.kg/images/product/73245/73245.jpg
Сотовый телефон VERTEX S107,1520 сом,https://www.kivano.kg/images/product/60704/60704.jpg
Сотовый телефон Xiaomi Mi Note 10 Pro 8/256GB черный,36750 сом,https://www.kivano.kg/images/product/76066/1579364915_51164800.jpg
Сотовый телефон Samsung Galaxy A10 (2019) 32GB (A105F/DS) черный,9670 сом,https://www.kivano.kg/images/product/67112/67112.jpg
Сотовый телефон Samsung Galaxy A10 (2019) 32GB (A105F/DS) синий,9670 сом,https://www.kivano.kg/images/product/67113/67113.jpg
Сотовый телефон Samsung Galaxy A40 64GB (SM-A405F/DS) черный,15670 сом,https://www.kivano.kg/images/product/67114/67114.jpg
Сотовый телефон Samsung Galaxy Note 10 8/256GB черный,55290 сом,https://www.kivano.kg/images/product/71722/71722.jpg
Сотовый телефон Samsung Galaxy A40 64GB (SM-A405F/DS) голубой,16070 сом,https://www.kivano.kg/images/product/67115/67115.jpg
Сотовый телефон Samsung Galaxy Note 10 8/256GB красный,55290 сом,https://www.kivano.kg/images/product/71723/71723.jpg
Сотовый телефон Apple iPhone 11 64GB фиолетовый,59680 сом,https://www.kivano.kg/images/product/72491/72491.jpg
Сотовый телефон Samsung Galaxy A20 32GB (SM-A205F/DS) красный,11820 сом,https://www.kivano.kg/images/product/67116/67116.jpg
Сотовый телефон Samsung Galaxy Note 10 8/256GB аура,55290 сом,https://www.kivano.kg/images/product/71724/71724.jpg
Сотовый телефон Apple iPhone 11 128GB фиолетовый,64090 сом,https://www.kivano.kg/images/product/72492/72492.jpg
Сотовый телефон Samsung Galaxy Note 10 Plus 12/256GB черный,63690 сом,https://www.kivano.kg/images/product/71725/71725.jpg
Сотовый телефон Samsung Galaxy Note 10 Plus 12/256GB белый,63690 сом,https://www.kivano.kg/images/product/71726/71726.jpg
Сотовый телефон Apple iPhone 11 64GB зеленый,59680 сом,https://www.kivano.kg/images/product/72494/72494.jpg
Сотовый телефон Samsung Galaxy Note 10 Plus 12/256GB аура,64960 сом,https://www.kivano.kg/images/product/71727/71727.jpg
Сотовый телефон Samsung Galaxy A80 128GB (SM-A805F/DS) золотой,31890 сом,https://www.kivano.kg/images/product/71983/71983.jpg
Сотовый телефон Apple iPhone 11 128GB зеленый,64090 сом,https://www.kivano.kg/images/product/72495/72495.jpg
Сотовый телефон Apple iPhone 11 64GB желтый,59680 сом,https://www.kivano.kg/images/product/72497/72497.jpg
Сотовый телефон Apple iPhone 8 64GB серебристый,33960 сом,https://www.kivano.kg/images/product/45105/45105.jpg
Сотовый телефон Apple iPhone 11 128GB желтый,64090 сом,https://www.kivano.kg/images/product/72498/72498.jpg
Сотовый телефон Apple iPhone 8 256GB серебристый,49700 сом,https://www.kivano.kg/images/product/45106/45106.jpg
Сотовый телефон Apple iPhone 11 64GB белый,59680 сом,https://www.kivano.kg/images/product/72500/72500.jpg
Сотовый телефон Apple iPhone 8 Plus 64GB серебристый,44980 сом,https://www.kivano.kg/images/product/45108/45108.jpg
Сотовый телефон Apple iPhone 11 128GB белый,64090 сом,https://www.kivano.kg/images/product/72501/72501.jpg
Сотовый телефон Xiaomi Redmi Note 8T 4/64Gb белый,13580 сом,https://www.kivano.kg/images/product/75573/1577784369_15851200.jpg
Сотовый телефон Samsung Galaxy A51 (2020) 64GB (SM-A515F/DS) черный,21330 сом,https://www.kivano.kg/images/product/76086/1579512191_49198200.jpg
Сотовый телефон Honor 8A 2/32GB черный,8990 сом,https://www.kivano.kg/images/product/66871/66871.jpg
Сотовый телефон Apple iPhone 11 64GB красный,59680 сом,https://www.kivano.kg/images/product/72503/72503.jpg
Сотовый телефон Apple iPhone 8 Plus 64GB золотой,44980 сом,https://www.kivano.kg/images/product/45111/45111.jpg
Сотовый телефон Honor 8A 2/32GB синий,8990 сом,https://www.kivano.kg/images/product/66872/66872.jpg
Сотовый телефон Xiaomi Redmi Go 1/16Gb черный,5510 сом,https://www.kivano.kg/images/product/68408/68408.jpg
Сотовый телефон Apple iPhone 11 128GB красный,64090 сом,https://www.kivano.kg/images/product/72504/72504.jpg
Сотовый телефон Samsung Galaxy A51 (2020) 128GB (SM-A515F/DS) черный,21570 сом,https://www.kivano.kg/images/product/76088/1579512702_69797800.jpg
Сотовый телефон Apple iPhone 8 Plus 64GB серый космос,44980 сом,https://www.kivano.kg/images/product/45112/45112.jpg
Сотовый телефон Samsung Galaxy A51 (2020) 128GB (SM-A515F/DS) белый,21730 сом,https://www.kivano.kg/images/product/76089/1579512890_35950800.jpg
Сотовый телефон Huawei Y6 (2019) черный,9990 сом,https://www.kivano.kg/images/product/68410/68410.jpg
Сотовый телефон Honor 20 6/128GB черный,27990 сом,https://www.kivano.kg/images/product/72250/72250.jpg
Сотовый телефон Apple iPhone 11 Pro 64GB серый космос,84050 сом,https://www.kivano.kg/images/product/72506/72506.jpg
Сотовый телефон Honor 8A 2/32GB золотой,8990 сом,https://www.kivano.kg/images/product/66875/66875.jpg
Сотовый телефон Huawei Y6 (2019) синий,9990 сом,https://www.kivano.kg/images/product/68411/68411.jpg
Сотовый телефон Honor 20 6/128GB синий,27990 сом,https://www.kivano.kg/images/product/72251/72251.jpg
Сотовый телефон Apple iPhone 11 Pro 256GB серый космос,96440 сом,https://www.kivano.kg/images/product/72507/72507.jpg
Сотовый телефон Huawei Y7 (2019) черный,10990 сом,https://www.kivano.kg/images/product/68412/68412.jpg
Сотовый телефон Honor 20 Pro 8/256GB синий,35990 сом,https://www.kivano.kg/images/product/72252/72252.jpg
Сотовый телефон Huawei Nova 5T 6/128Gb синий,28990 сом,https://www.kivano.kg/images/product/77372/1583236596_95627700.jpg
Сотовый телефон Nokia 8110 4G черный,5350 сом,https://www.kivano.kg/images/product/62780/62780.jpg
Сотовый телефон Huawei Y7 (2019) голубой,10990 сом,https://www.kivano.kg/images/product/68413/68413.jpg
Сотовый телефон Apple iPhone 11 Pro Max 64GB серый космос,91880 сом,https://www.kivano.kg/images/product/72509/72509.jpg
Сотовый телефон Xiaomi Mi Note 10 6/128GB зеленый,33080 сом,https://www.kivano.kg/images/product/76093/1579514671_64644100.jpg
Сотовый телефон Huawei Nova 5T 6/128Gb фиолетовый,28990 сом,https://www.kivano.kg/images/product/77373/1583236777_25342100.jpg
Сотовый телефон Huawei P30 lite черный,17590 сом,https://www.kivano.kg/images/product/68414/68414.jpg
Сотовый телефон Apple iPhone 11 Pro Max 256GB серый космос,104670 сом,https://www.kivano.kg/images/product/72510/72510.jpg
Сотовый телефон Huawei Y9s 6/128GB черный,19990 сом,https://www.kivano.kg/images/product/77374/1583237867_26737700.jpg
Сотовый телефон Huawei P30 lite голубой,17590 сом,https://www.kivano.kg/images/product/68415/68415.jpg
Сотовый телефон Apple iPhone 11 Pro Max 512GB серый космос,116170 сом,https://www.kivano.kg/images/product/72511/72511.jpg
Сотовый телефон Huawei Y9s 6/128GB голубой,19990 сом,https://www.kivano.kg/images/product/77375/1583238036_39509700.jpg
Сотовый телефон Philips Xenium E331,5590 сом,https://www.kivano.kg/images/product/65087/65087.jpg
Сотовый телефон Huawei Y6s 3/64GB синий,11690 сом,https://www.kivano.kg/images/product/77376/1583239079_23168300.jpg
Сотовый телефон Samsung Galaxy J2 (2018) SM-J250F,8080 сом,https://www.kivano.kg/images/product/51520/51520.jpg
Сотовый телефон Huawei Y6s 3/64GB черный,11690 сом,https://www.kivano.kg/images/product/77377/1583239713_26236600.jpg
Сотовый телефон Nokia 105 (2017),1840 сом,https://www.kivano.kg/images/product/56385/56385.jpg
Сотовый телефон Samsung Galaxy A10 (2019) 32GB (A105F/DS) красный,9670 сом,https://www.kivano.kg/images/product/68419/68419.jpg
Сотовый телефон Honor 10 Lite 3/32GB черный,13990 сом,https://www.kivano.kg/images/product/66886/66886.jpg
Сотовый телефон Honor 10 Lite 3/32GB синий,13990 сом,https://www.kivano.kg/images/product/66887/66887.jpg
Сотовый телефон Samsung Galaxy A51 (2020) 64GB (SM-A515F/DS) белый,21330 сом,https://www.kivano.kg/images/product/76362/1580133865_64675200.jpg
Сотовый телефон Samsung Galaxy A01 (2020) 16GB (A015F/DS) красный,8550 сом,https://www.kivano.kg/images/product/76363/1580199324_79680500.jpg
Сотовый телефон Samsung Galaxy A01 (2020) 16GB (A015F/DS) черный,8550 сом,https://www.kivano.kg/images/product/76365/1580199908_25870500.jpg
Сотовый телефон Samsung Galaxy A01 (2020) 16GB (A015F/DS) синий,8550 сом,https://www.kivano.kg/images/product/76367/1580200352_47508600.jpg
Сотовый телефон Honor 10 4/128GB черный,19420 сом,https://www.kivano.kg/images/product/66896/66896.jpg
Сотовый телефон Honor 10 4/128GB синий,19420 сом,https://www.kivano.kg/images/product/66897/66897.jpg
Сотовый телефон Honor 10i 128GB черный,15500 сом,https://www.kivano.kg/images/product/74065/1572882789_49969900.jpg
Сотовый телефон Samsung Galaxy S9 64GB (SM-G960F) черный,31560 сом,https://www.kivano.kg/images/product/52561/52561.jpg
Сотовый телефон Honor 10i 128GB синий,15500 сом,https://www.kivano.kg/images/product/74066/1572883110_31714800.jpg
Сотовый телефон Xiaomi Redmi Note 8 4/128Gb черный,14220 сом,https://www.kivano.kg/images/product/74068/1572904554_02801200.jpg
Сотовый телефон Xiaomi Redmi 8 3/32GB черный,10150 сом,https://www.kivano.kg/images/product/74069/1572906665_84373300.jpg
Сотовый телефон Samsung Galaxy A50 128GB (SM-A505F/DS) голубой,19810 сом,https://www.kivano.kg/images/product/68438/68438.jpg
Сотовый телефон Xiaomi Redmi 8 3/32GB синий,10150 сом,https://www.kivano.kg/images/product/74070/1572907374_00334600.jpg
Сотовый телефон Xiaomi Redmi Note 8 Pro 6/64GB синий,18060 сом,https://www.kivano.kg/images/product/74839/1575240208_01950300.jpg
Сотовый телефон Xiaomi Redmi Note 8T 3/32Gb белый,11430 сом,https://www.kivano.kg/images/product/74840/1575270168_17570500.jpg
Сотовый телефон BRAVIS A504 Trace черный,6470 сом,https://www.kivano.kg/images/product/39000/39000.jpg
Сотовый телефон Samsung Galaxy A50 128GB (SM-A505F/DS) черный,19810 сом,https://www.kivano.kg/images/product/68441/68441.jpg
Сотовый телефон Samsung Galaxy A10 (2019) 32GB (A105F/DS) золотой,9670 сом,https://www.kivano.kg/images/product/70745/70745.jpg
Сотовый телефон Xiaomi Black Shark 2 8/128GB черный,25570 сом,https://www.kivano.kg/images/product/76121/1579592261_23246000.jpg
Сотовый телефон BRAVIS A504 Trace золотой,6950 сом,https://www.kivano.kg/images/product/39001/39001.jpg
Сотовый телефон Xiaomi Black Shark 2 Pro 8/128GB черный,38110 сом,https://www.kivano.kg/images/product/76122/1579592931_50055200.jpg
Сотовый телефон BRAVIS A504 Trace белый,6470 сом,https://www.kivano.kg/images/product/39002/39002.jpg
Сотовый телефон Nokia 2720 Flip Dual sim черный,7350 сом,https://www.kivano.kg/images/product/77403/1583313812_41217400.jpg
Сотовый телефон Nokia 2720 Flip Dual sim красный,7350 сом,https://www.kivano.kg/images/product/77404/1583314176_87637100.jpg
Сотовый телефон Nokia 2720 Flip Dual sim серый,7350 сом,https://www.kivano.kg/images/product/77405/1583314640_28323800.jpg
Сотовый телефон Nokia 130 Dual sim (2017),2320 сом,https://www.kivano.kg/images/product/45661/45661.jpg
Сотовый телефон Philips S326 серый,8240 сом,https://www.kivano.kg/images/product/39006/39006.jpg
Сотовый телефон BRAVIS A505 Joy Plus синий,6550 сом,https://www.kivano.kg//avatars.mds.yandex.net/get-mpic/96484/img_id7447538864012848741/9
Сотовый телефон Samsung Galaxy S9 Plus 64GB (SM-G965F) черный,35950 сом,https://www.kivano.kg/images/product/52574/52574.jpg
Сотовый телефон Xiaomi Redmi Note 8 3/32Gb синий,11430 сом,https://www.kivano.kg/images/product/73823/73823.jpg
Сотовый телефон BQ 1848 Step+ черный,880 сом,https://www.kivano.kg/images/product/75359/1576614415_17400800.jpg
Сотовый телефон Xiaomi Redmi Note 8 3/32Gb черный,11430 сом,https://www.kivano.kg/images/product/73824/73824.jpg
Сотовый телефон BRAVIS A505 Joy Plus белый,6550 сом,https://www.kivano.kg/images/product/40544/40544.jpg
Сотовый телефон Ergo A551 Sky синий,7110 сом,https://www.kivano.kg//avatars.mds.yandex.net/get-mpic/96484/img_id7837171693509932706/9
Сотовый телефон Ergo A551 Sky золотой,7110 сом,https://www.kivano.kg/images/product/40546/40546.jpg
Сотовый телефон Apple iPhone 11 Pro 64GB серебристый,83650 сом,https://www.kivano.kg/images/product/72547/72547.jpg
Сотовый телефон Apple iPhone 11 Pro 256GB серебристый,96440 сом,https://www.kivano.kg/images/product/72548/72548.jpg
Сотовый телефон Samsung Galaxy A20s 32GB черный,12140 сом,https://www.kivano.kg/images/product/74084/1572959728_62487700.jpg
Сотовый телефон Samsung Galaxy S9 Plus 64GB (SM-G965F) серебристый,39390 сом,https://www.kivano.kg/images/product/52580/52580.jpg
Сотовый телефон Samsung Galaxy A20s 32GB синий,12140 сом,https://www.kivano.kg/images/product/74085/1572965988_09163100.jpg
Сотовый телефон BQ 1840 Energy синий,1040 сом,https://www.kivano.kg/images/product/75365/1576642074_95733400.jpg
Сотовый телефон Apple iPhone 11 Pro Max 64GB серебристый,91880 сом,https://www.kivano.kg/images/product/72550/72550.jpg
Сотовый телефон Samsung Galaxy A20s 32GB красный,12140 сом,https://www.kivano.kg/images/product/74086/1572966210_27555800.jpg
Сотовый телефон Apple iPhone 11 Pro Max 256GB серебристый,104670 сом,https://www.kivano.kg/images/product/72551/72551.jpg
Сотовый телефон Xiaomi Redmi Note 8 3/32Gb белый,11430 сом,https://www.kivano.kg/images/product/74087/1572986044_93233300.jpg
Сотовый телефон BQ 2431 Step L+ черный,960 сом,https://www.kivano.kg/images/product/75367/1576642864_03920100.jpg
Сотовый телефон Apple iPhone 11 Pro Max 512GB серебристый,116170 сом,https://www.kivano.kg/images/product/72552/72552.jpg
Сотовый телефон Nokia 150 Dual sim черный,2800 сом,https://www.kivano.kg/images/product/39528/39528.jpg
Сотовый телефон Apple iPhone 11 Pro 64GB золотой,83650 сом,https://www.kivano.kg/images/product/72553/72553.jpg
Сотовый телефон Nokia 216 Dual Sim,3040 сом,https://www.kivano.kg//avatars.mds.yandex.net/get-mpic/200316/img_id3873745026592832244/9
Сотовый телефон Apple iPhone 11 Pro 256GB золотой,96440 сом,https://www.kivano.kg/images/product/72554/72554.jpg
Сотовый телефон Xiaomi Redmi 8 4/64GB синий,10790 сом,https://www.kivano.kg/images/product/74091/1573034828_97852000.jpg
Сотовый телефон Apple iPhone 11 Pro Max 64GB золотой,91880 сом,https://www.kivano.kg/images/product/72556/72556.jpg
Сотовый телефон Apple iPhone 11 Pro Max 256GB золотой,104670 сом,https://www.kivano.kg/images/product/72557/72557.jpg
Сотовый телефон Apple iPhone 11 Pro Max 512GB золотой,116170 сом,https://www.kivano.kg/images/product/72558/72558.jpg
Сотовый телефон Inoi 101 фиолетовый,960 сом,https://www.kivano.kg/images/product/75374/1576658197_26572300.jpg
Сотовый телефон Samsung Galaxy S9 Plus 64GB (SM-G965F) фиолетовый,39390 сом,https://www.kivano.kg/images/product/52590/52590.jpg
Сотовый телефон Apple iPhone 11 Pro 64GB темно-зеленый,83650 сом,https://www.kivano.kg/images/product/72559/72559.jpg
Сотовый телефон Inoi 101 синий,960 сом,https://www.kivano.kg/images/product/75375/1576658330_41117400.jpg
Сотовый телефон Huawei P Smart 32GB синий,10950 сом,https://www.kivano.kg/images/product/65135/65135.jpg
Сотовый телефон Apple iPhone 11 Pro 256GB темно-зеленый,96440 сом,https://www.kivano.kg/images/product/72560/72560.jpg
Сотовый телефон Inoi 105 золотой,1040 сом,https://www.kivano.kg/images/product/75376/1576658977_27902500.jpg
Сотовый телефон Huawei Y7 (2017) (TRT-LX1) серый,6950 сом,https://www.kivano.kg/images/product/44912/44912.jpg
Сотовый телефон Huawei Mate 10 Lite 64GB,11350 сом,https://www.kivano.kg/images/product/54896/54896.jpg
Сотовый телефон Huawei Y5 Prime (2018) черный,7760 сом,https://www.kivano.kg/images/product/65136/65136.jpg
Сотовый телефон Inoi 107 красный,1280 сом,https://www.kivano.kg/images/product/75377/1576659674_22856900.jpg
Сотовый телефон Huawei Y5 Prime (2018) золотой,7760 сом,https://www.kivano.kg/images/product/65137/65137.jpg
Сотовый телефон Apple iPhone 11 Pro Max 64GB темно-зеленый,91880 сом,https://www.kivano.kg/images/product/72562/72562.jpg
Сотовый телефон Inoi 107 белый,1280 сом,https://www.kivano.kg/images/product/75378/1576659807_11272800.jpg
Сотовый телефон Apple iPhone 11 Pro Max 256GB темно-зеленый,104670 сом,https://www.kivano.kg/images/product/72563/72563.jpg
Сотовый телефон Apple iPhone 11 Pro Max 512GB темно-зеленый,116170 сом,https://www.kivano.kg/images/product/72564/72564.jpg
Сотовый телефон Huawei Mate 10 Lite 64GB синий,11350 сом,https://www.kivano.kg/images/product/65140/65140.jpg
Сотовый телефон Philips Xenium E182,3830 сом,https://www.kivano.kg/images/product/70774/70774.jpg
Сотовый телефон Xiaomi Redmi 6 4/64GB черный,8470 сом,https://www.kivano.kg/images/product/59513/59513.jpg
Сотовый телефон Nokia 105 Dual sim (2019) черный,1840 сом,https://www.kivano.kg/images/product/75386/1576667706_37096700.jpg
Сотовый телефон Nokia 105 Dual sim (2019) синий,1840 сом,https://www.kivano.kg/images/product/75387/1576667824_27740600.jpg
Сотовый телефон Nokia 210 серый,2720 сом,https://www.kivano.kg/images/product/75388/1576668640_03502800.jpg
Сотовый телефон Inoi 101,960 сом,https://www.kivano.kg/images/product/75133/1575898844_01621000.jpg
Сотовый телефон Apple iPhone Xr 64GB черный,47790 сом,https://www.kivano.kg/images/product/59774/59774.jpg
Сотовый телефон Xiaomi Redmi 6 4/64GB золотой,8470 сом,https://www.kivano.kg/images/product/58751/58751.jpg
Сотовый телефон Apple iPhone Xr 128GB черный,50900 сом,https://www.kivano.kg/images/product/59775/59775.jpg
Сотовый телефон Nokia 210 красный,2720 сом,https://www.kivano.kg/images/product/75392/1576672891_19182100.jpg
Сотовый телефон Apple iPhone Xr 256GB черный,56100 сом,https://www.kivano.kg/images/product/59776/59776.jpg
Сотовый телефон Nokia 230 Dual Sim синий,4230 сом,https://www.kivano.kg/images/product/75393/1576673544_72059700.jpg
Сотовый телефон Nokia 8110 4G желтый,5350 сом,https://www.kivano.kg/images/product/75394/1576674573_67281400.jpg
Сотовый телефон Huawei P smart Z 4/64GB зеленый,15580 сом,https://www.kivano.kg/images/product/76932/1581933337_75875900.jpg
Сотовый телефон Samsung Galaxy A8 Star 64GB (SM-G885F) белый,15180 сом,https://www.kivano.kg/images/product/70790/70790.jpg
Сотовый телефон Samsung Galaxy A8 Star 64GB (SM-G885F) черный,15180 сом,https://www.kivano.kg/images/product/70791/70791.jpg
Сотовый телефон Apple iPhone Xr 64GB коралловый,47790 сом,https://www.kivano.kg/images/product/59785/59785.jpg
Сотовый телефон Apple iPhone SE (2020) 64GB черный,Скоро,https://www.kivano.kg/images/product/78730/1587239994_19577000.jpg
Сотовый телефон Nokia 3310 Dual Sim (2017) черный,3750 сом,https://www.kivano.kg/images/product/42122/42122.jpg
Сотовый телефон Apple iPhone Xr 128GB коралловый,50900 сом,https://www.kivano.kg/images/product/59786/59786.jpg
Сотовый телефон Apple iPhone SE (2020) 128GB черный,Скоро,https://www.kivano.kg/images/product/78731/1587240316_29823700.jpg
Сотовый телефон Nokia 3310 Dual Sim (2017) оранжевый,3670 сом,https://www.kivano.kg/images/product/42123/42123.jpg
Сотовый телефон Apple iPhone Xr 256GB коралловый,56100 сом,https://www.kivano.kg/images/product/59787/59787.jpg
Сотовый телефон Xiaomi Mi 9 Lite 6/64GB черный,18220 сом,https://www.kivano.kg/images/product/72844/72844.jpg
Сотовый телефон Apple iPhone SE (2020) 256GB черный,Скоро,https://www.kivano.kg/images/product/78732/1587240629_83416100.jpg
Сотовый телефон Nokia 3310 Dual Sim (2017) желтый,3670 сом,https://www.kivano.kg/images/product/42124/42124.jpg
Сотовый телефон Apple iPhone Xr 64GB голубой,47790 сом,https://www.kivano.kg/images/product/59788/59788.jpg
Сотовый телефон Apple iPhone SE (2020) 256GB красный,Скоро,https://www.kivano.kg/images/product/78733/1587240826_04759600.jpg
Сотовый телефон Nokia 3310 Dual Sim (2017) серый,3670 сом,https://www.kivano.kg/images/product/42125/42125.jpg
Сотовый телефон Apple iPhone Xr 128GB голубой,50900 сом,https://www.kivano.kg/images/product/59789/59789.jpg
Сотовый телефон Xiaomi Mi 9 Lite 6/64GB синий,18780 сом,https://www.kivano.kg/images/product/72846/72846.jpg
Сотовый телефон Apple iPhone SE (2020) 128GB красный,Скоро,https://www.kivano.kg/images/product/78734/1587240967_90749500.jpg
Сотовый телефон Apple iPhone Xr 256GB голубой,56100 сом,https://www.kivano.kg/images/product/59790/59790.jpg
Сотовый телефон Honor 7A 2/16Gb черный,7390 сом,https://www.kivano.kg/images/product/61582/61582.jpg
Сотовый телефон Apple iPhone SE (2020) 64GB красный,Скоро,https://www.kivano.kg/images/product/78735/1587241523_11845600.jpg
Сотовый телефон Apple iPhone Xr 64GB белый,47790 сом,https://www.kivano.kg/images/product/59791/59791.jpg
Сотовый телефон Honor 7A 2/16Gb синий,7390 сом,https://www.kivano.kg/images/product/61583/61583.jpg
Сотовый телефон X-AGE K501 черный,1120 сом,https://www.kivano.kg/images/product/71312/71312.jpg
Сотовый телефон Apple iPhone SE (2020) 64GB белый,Скоро,https://www.kivano.kg/images/product/78736/1587241651_45821700.jpg
Сотовый телефон Philips Xenium E560,6950 сом,https://www.kivano.kg/images/product/23952/23952.jpg
Сотовый телефон Nokia 150 Dual sim белый,2800 сом,https://www.kivano.kg/images/product/45456/45456.jpg
Сотовый телефон Apple iPhone Xr 128GB белый,50900 сом,https://www.kivano.kg/images/product/59792/59792.jpg
Сотовый телефон Honor 7A 2/16Gb золотой,7390 сом,https://www.kivano.kg/images/product/61584/61584.jpg
Сотовый телефон Apple iPhone SE (2020) 128GB белый,Скоро,https://www.kivano.kg/images/product/78737/1587241787_51978300.jpg
Сотовый телефон Apple iPhone Xr 256GB белый,56100 сом,https://www.kivano.kg/images/product/59793/59793.jpg
Сотовый телефон Xiaomi Mi 9 Lite 6/128GB белый,19650 сом,https://www.kivano.kg/images/product/72850/72850.jpg
Сотовый телефон Apple iPhone SE (2020) 256GB белый,Скоро,https://www.kivano.kg/images/product/78738/1587241958_61677900.jpg
Сотовый телефон Huawei P Smart 32GB,10950 сом,https://www.kivano.kg/images/product/57234/57234.jpg
Сотовый телефон Apple iPhone Xr 64GB желтый,47790 сом,https://www.kivano.kg/images/product/59794/59794.jpg
Сотовый телефон Xiaomi Mi 9 Lite 6/64GB белый,18220 сом,https://www.kivano.kg/images/product/72851/72851.jpg
Сотовый телефон Samsung Galaxy A51 (2020) 64GB (SM-A515F/DS) голубой,21090 сом,https://www.kivano.kg/images/product/76947/1581942839_83387600.jpg
Сотовый телефон Apple iPhone Xr 128GB желтый,50900 сом,https://www.kivano.kg/images/product/59795/59795.jpg
Сотовый телефон Samsung Galaxy A51 (2020) 128GB (SM-A515F/DS) голубой,21570 сом,https://www.kivano.kg/images/product/76948/1581958959_35201800.jpg
Сотовый телефон Apple iPhone Xr 256GB желтый,56100 сом,https://www.kivano.kg/images/product/59796/59796.jpg
Сотовый телефон Samsung Galaxy A20 32GB (SM-A205F/DS) черный,11820 сом,https://www.kivano.kg/images/product/66965/66965.jpg
Сотовый телефон Samsung Galaxy A51 (2020) 128GB (SM-A515F/DS) розовый,22450 сом,https://www.kivano.kg/images/product/76949/1581960095_26154200.jpg
Сотовый телефон Apple iPhone 8 256GB красный,49700 сом,https://www.kivano.kg/images/product/57237/57237.jpg
Сотовый телефон Apple iPhone Xr 64GB красный,47790 сом,https://www.kivano.kg/images/product/59797/59797.jpg
Сотовый телефон Samsung Galaxy A20 32GB (SM-A205F/DS) синий,11820 сом,https://www.kivano.kg/images/product/66966/66966.jpg
Сотовый телефон Vertex S105,1680 сом,https://www.kivano.kg/images/product/76950/1581963448_19858900.jpg
Сотовый телефон Apple iPhone Xr 128GB красный,50900 сом,https://www.kivano.kg/images/product/59798/59798.jpg
Сотовый телефон Philips Xenium E580,5350 сом,https://www.kivano.kg/images/product/66455/66455.jpg
Сотовый телефон Vertex D527 черный,1280 сом,https://www.kivano.kg/images/product/76951/1581963984_26194900.jpg
Сотовый телефон Huawei Y5 Prime (2018),7760 сом,https://www.kivano.kg/images/product/57239/57239.jpg
Сотовый телефон Apple iPhone Xr 256GB красный,56100 сом,https://www.kivano.kg/images/product/59799/59799.jpg
Сотовый телефон Samsung Galaxy A30 32GB (SM-A305F/DS) черный,13900 сом,https://www.kivano.kg/images/product/66456/66456.jpg
Сотовый телефон Vertex D532 черный,1520 сом,https://www.kivano.kg/images/product/76952/1581964686_06178600.jpg
Сотовый телефон Samsung Galaxy A30 32GB (SM-A305F/DS) голубой,13820 сом,https://www.kivano.kg/images/product/66457/66457.jpg
Сотовый телефон Samsung Galaxy S9 Plus 64GB (SM-G965F) золотой,39390 сом,https://www.kivano.kg/images/product/57241/57241.jpg
Сотовый телефон Xiaomi Redmi 7A 2/16GB черный,7030 сом,https://www.kivano.kg/images/product/70298/70298.jpg
Сотовый телефон Xiaomi Redmi 7A 2/32GB черный,7270 сом,https://www.kivano.kg/images/product/70299/70299.jpg
Сотовый телефон Samsung Galaxy A70 128GB (SM-A705F/DS) белый,25330 сом,https://www.kivano.kg/images/product/69532/69532.jpg
Сотовый телефон Xiaomi Redmi 7A 2/16GB синий,7030 сом,https://www.kivano.kg/images/product/70300/70300.jpg
Сотовый телефон Xiaomi Redmi Note 8T 3/32Gb синий,11430 сом,https://www.kivano.kg/images/product/74397/1574005972_02159800.jpg
Сотовый телефон Samsung Galaxy A50 64GB (SM-A505F/DS) голубой,17740 сом,https://www.kivano.kg/images/product/66462/66462.jpg
Сотовый телефон Samsung Galaxy A30 32GB (SM-A305F/DS) белый,13820 сом,https://www.kivano.kg/images/product/69534/69534.jpg
Сотовый телефон Samsung Galaxy A50 64GB (SM-A505F/DS) черный,17740 сом,https://www.kivano.kg/images/product/66463/66463.jpg
Сотовый телефон Samsung Galaxy A40 64GB (SM-A405F/DS) белый,16150 сом,https://www.kivano.kg/images/product/69535/69535.jpg
Сотовый телефон Xiaomi Mi Note 10 6/128GB черный,32760 сом,https://www.kivano.kg/images/product/75167/1576091243_64343000.jpg
Сотовый телефон Samsung Galaxy A50 128GB (SM-A505F/DS) белый,19810 сом,https://www.kivano.kg/images/product/69536/69536.jpg
Сотовый телефон Xiaomi Mi Note 10 6/128GB белый,33080 сом,https://www.kivano.kg/images/product/75168/1576091699_47266700.jpg
Сотовый телефон Samsung Galaxy J2 Core (2018) SM-J260F черный,6790 сом,https://www.kivano.kg/images/product/59808/59808.jpg
Сотовый телефон Samsung Galaxy J2 Core (2018) SM-J260F золотой,6790 сом,https://www.kivano.kg/images/product/59809/59809.jpg
Сотовый телефон ASUS Fonepad Note 6 16Gb черный,31730 сом,https://www.kivano.kg/images/product/31395/31395.jpg
Сотовый телефон Xiaomi Redmi Note 8 Pro 6/128GB белый,20050 сом,https://www.kivano.kg/images/product/72871/72871.jpg
Сотовый телефон Xiaomi Redmi Note 8 Pro 6/64GB черный,18140 сом,https://www.kivano.kg/images/product/72872/72872.jpg
Сотовый телефон Xiaomi Redmi 8A 2/32GB синий,8630 сом,https://www.kivano.kg/images/product/73128/73128.jpg
Сотовый телефон Xiaomi Redmi 8A 2/32GB черный,8630 сом,https://www.kivano.kg/images/product/73129/73129.jpg
Сотовый телефон teXet TM-128 черный,960 сом,https://www.kivano.kg/images/product/41897/41897.jpg
Сотовый телефон Xiaomi Redmi Note 8 Pro 6/128GB черный,20130 сом,https://www.kivano.kg/images/product/73130/73130.jpg
Сотовый телефон Xiaomi Redmi Note 8 4/64Gb белый,12780 сом,https://www.kivano.kg/images/product/72875/72875.jpg
Сотовый телефон Xiaomi Redmi Note 8 Pro 6/64GB белый,17980 сом,https://www.kivano.kg/images/product/73131/73131.jpg
Сотовый телефон Xiaomi Redmi Note 8 4/64Gb черный,12780 сом,https://www.kivano.kg/images/product/72876/72876.jpg
Сотовый телефон Xiaomi Redmi Note 8 4/64Gb синий,12780 сом,https://www.kivano.kg/images/product/72877/72877.jpg
Сотовый телефон Xiaomi Redmi Note 8 Pro 6/128GB синий,20210 сом,https://www.kivano.kg/images/product/74925/1575390639_38398700.jpg
Сотовый телефон Xiaomi Redmi 8 4/64GB красный,10790 сом,https://www.kivano.kg/images/product/74671/1574672908_37184300.jpg
Сотовый телефон Inoi 246Z серый,2080 сом,https://www.kivano.kg/images/product/76719/1581336577_76744100.jpg
Сотовый телефон Inoi 246Z золотой,2080 сом,https://www.kivano.kg/images/product/76720/1581336760_09050700.jpg
Сотовый телефон Inoi 281 черный,1440 сом,https://www.kivano.kg/images/product/76721/1581337660_75163000.jpg
Сотовый телефон Inoi 287 черный,1680 сом,https://www.kivano.kg/images/product/76722/1581338199_54888000.jpg
Сотовый телефон Inoi 287 золотой,1680 сом,https://www.kivano.kg/images/product/76723/1581338338_65887300.jpg
Сотовый телефон Fly F+ F195,1120 сом,https://www.kivano.kg/images/product/76724/1581339142_24887800.jpg
Сотовый телефон Philips Xenium E125,2240 сом,https://www.kivano.kg/images/product/69814/69814.jpg
Сотовый телефон Philips Xenium E169,2560 сом,https://www.kivano.kg/images/product/69815/69815.jpg
Сотовый телефон Samsung Galaxy S10 8/128GB (SM-G973F/DS) синий,46500 сом,https://www.kivano.kg/images/product/72631/72631.jpg
Сотовый телефон Xiaomi Redmi Note 8T 3/32Gb черный,11430 сом,https://www.kivano.kg/images/product/74679/1574678762_56263800.jpg
Сотовый телефон Nokia 105 Dual sim (2017),1920 сом,https://www.kivano.kg/images/product/48312/48312.jpg
Сотовый телефон Honor 7A Pro 2/16Gb золотой,7760 сом,https://www.kivano.kg/images/product/61882/61882.jpg
Сотовый телефон Nokia 106 (2018),2080 сом,https://www.kivano.kg/images/product/63418/63418.jpg
Сотовый телефон Honor 7A Pro 2/16Gb черный,7760 сом,https://www.kivano.kg/images/product/61883/61883.jpg
Сотовый телефон Honor 7A Pro 2/16Gb синий,7760 сом,https://www.kivano.kg/images/product/61884/61884.jpg
Сотовый телефон Xiaomi Mi 9T 6/128GB черный,22210 сом,https://www.kivano.kg/images/product/70077/70077.jpg
Сотовый телефон Samsung Galaxy A30s 32GB (SM-A307F/DS) черный,13900 сом,https://www.kivano.kg/images/product/72893/72893.jpg
Сотовый телефон Nokia 110 (2019),2240 сом,https://www.kivano.kg/images/product/74685/1574766360_39968400.jpg
Сотовый телефон Honor 7C 3/32Gb синий,9750 сом,https://www.kivano.kg/images/product/61885/61885.jpg
Сотовый телефон Samsung Galaxy A30s 32GB (SM-A307F/DS) белый,13820 сом,https://www.kivano.kg/images/product/72894/72894.jpg
Сотовый телефон Honor 7C 3/32Gb черный,9750 сом,https://www.kivano.kg/images/product/61886/61886.jpg
Сотовый телефон Samsung Galaxy A30s 32GB (SM-A307F/DS) зеленый,13820 сом,https://www.kivano.kg/images/product/72895/72895.jpg
Сотовый телефон Honor 7C 3/32Gb золотой,9750 сом,https://www.kivano.kg/images/product/61887/61887.jpg
Сотовый телефон Samsung Galaxy A30s 64GB (SM-A307F/DS) черный,14780 сом,https://www.kivano.kg/images/product/72896/72896.jpg
Сотовый телефон Apple iPhone 8 Plus 64GB красный,44980 сом,https://www.kivano.kg/images/product/54720/54720.jpg
Сотовый телефон Samsung Galaxy A30s 64GB (SM-A307F/DS) белый,14780 сом,https://www.kivano.kg/images/product/72897/72897.jpg
Сотовый телефон Samsung Galaxy A30s 64GB (SM-A307F/DS) зеленый,14620 сом,https://www.kivano.kg/images/product/72898/72898.jpg
Сотовый телефон Apple iPhone 11 64GB Dual Sim черный,62480 сом,https://www.kivano.kg/images/product/72643/72643.jpg
Сотовый телефон Philips Xenium E255,3910 сом,https://www.kivano.kg/images/product/69828/69828.jpg
Сотовый телефон Apple iPhone 11 128GB Dual Sim черный,67280 сом,https://www.kivano.kg/images/product/72644/72644.jpg
Сотовый телефон teXet TM-127,1040 сом,https://www.kivano.kg/images/product/69829/69829.jpg
Сотовый телефон iLife itell S280C,3280 сом,https://www.kivano.kg/images/product/19397/19397.jpg
Сотовый телефон Apple iPhone 11 64GB Dual Sim фиолетовый,62480 сом,https://www.kivano.kg/images/product/72646/72646.jpg
Сотовый телефон Inoi 100,960 сом,https://www.kivano.kg/images/product/74694/1574769397_04624600.jpg
Сотовый телефон Apple iPhone 11 128GB Dual Sim фиолетовый,67280 сом,https://www.kivano.kg/images/product/72647/72647.jpg
Сотовый телефон Inoi 243 черный,1920 сом,https://www.kivano.kg/images/product/74696/1574772991_32879400.jpg
Сотовый телефон Honor 8S 2/32GB черный,7990 сом,https://www.kivano.kg/images/product/71113/71113.jpg
Сотовый телефон Apple iPhone 11 64GB Dual Sim зеленый,62480 сом,https://www.kivano.kg/images/product/72649/72649.jpg
Сотовый телефон Inoi 243 серебристый,1920 сом,https://www.kivano.kg/images/product/74697/1574773141_99505000.jpg
Смартфон iLife itell S500S серебристый,7110 сом,https://www.kivano.kg/images/product/19401/19401.jpg
Сотовый телефон Honor 8S 2/32GB золотой,7990 сом,https://www.kivano.kg/images/product/71114/71114.jpg
Сотовый телефон Apple iPhone 11 128GB Dual Sim зеленый,67280 сом,https://www.kivano.kg/images/product/72650/72650.jpg
Сотовый телефон Samsung Galaxy A70 128GB (SM-A705F/DS) черный,25330 сом,https://www.kivano.kg/images/product/68555/68555.jpg
Сотовый телефон Honor 8S 2/32GB синий,7990 сом,https://www.kivano.kg/images/product/71115/71115.jpg
Сотовый телефон Samsung Galaxy A70 128GB (SM-A705F/DS) голубой,24220 сом,https://www.kivano.kg/images/product/68556/68556.jpg
Сотовый телефон Fly FF190,1120 сом,https://www.kivano.kg/images/product/69836/69836.jpg
Сотовый телефон Apple iPhone 11 64GB Dual Sim желтый,62480 сом,https://www.kivano.kg/images/product/72652/72652.jpg
Сотовый телефон Inoi 105,1200 сом,https://www.kivano.kg/images/product/69837/69837.jpg
Сотовый телефон Apple iPhone 11 128GB Dual Sim желтый,67280 сом,https://www.kivano.kg/images/product/72653/72653.jpg
Сотовый телефон Huawei P Smart 32GB золотой,10950 сом,https://www.kivano.kg/images/product/68814/68814.jpg
Сотовый телефон Apple iPhone 11 64GB Dual Sim белый,62480 сом,https://www.kivano.kg/images/product/72655/72655.jpg
Сотовый телефон Apple iPhone 11 128GB Dual Sim белый,67280 сом,https://www.kivano.kg/images/product/72656/72656.jpg
Сотовый телефон Samsung Galaxy A10s (2019) 32GB (A107F/DS) синий,10310 сом,https://www.kivano.kg/images/product/72401/72401.jpg
Сотовый телефон Inoi 108,1280 сом,https://www.kivano.kg/images/product/69842/69842.jpg
Сотовый телефон Samsung Galaxy A10s (2019) 32GB (A107F/DS) черный,10310 сом,https://www.kivano.kg/images/product/72402/72402.jpg
Сотовый телефон Apple iPhone 11 64GB Dual Sim красный,62480 сом,https://www.kivano.kg/images/product/72658/72658.jpg
Сотовый телефон Huawei Y5 (2019) 32GB коричневый,8290 сом,https://www.kivano.kg/images/product/69587/69587.jpg
Сотовый телефон Samsung Galaxy A10s (2019) 32GB (A107F/DS) красный,10310 сом,https://www.kivano.kg/images/product/72403/72403.jpg
Сотовый телефон Apple iPhone 11 128GB Dual Sim красный,67280 сом,https://www.kivano.kg/images/product/72659/72659.jpg
Сотовый телефон Huawei Y5 (2019) 32GB черный,8290 сом,https://www.kivano.kg/images/product/69588/69588.jpg
Сотовый телефон Samsung Galaxy A80 128GB (SM-A805F/DS) черный,31890 сом,https://www.kivano.kg/images/product/72404/72404.jpg
Сотовый телефон Samsung Galaxy A80 128GB (SM-A805F/DS) серебристый,31560 сом,https://www.kivano.kg/images/product/72405/72405.jpg
Сотовый телефон Xiaomi Redmi 8 4/64GB черный,10790 сом,https://www.kivano.kg/images/product/73429/73429.jpg
Сотовый телефон Huawei Y5 Lite (2019) черный,6550 сом,https://www.kivano.kg/images/product/71638/71638.jpg
Сотовый телефон Huawei Y5 Lite (2019) синий,6550 сом,https://www.kivano.kg/images/product/71640/71640.jpg
Сотовый телефон Huawei P30 голубой,47790 сом,https://www.kivano.kg/images/product/69593/69593.jpg
Сотовый телефон BRAVIS A503 Joy черный,5590 сом,https://www.kivano.kg/images/product/34265/34265.jpg
Сотовый телефон Apple iPhone 11 64GB черный,59680 сом,https://www.kivano.kg/images/product/72410/72410.jpg
Сотовый телефон BRAVIS A503 Joy золотой,5590 сом,https://www.kivano.kg/images/product/34266/34266.jpg
Сотовый телефон BRAVIS A503 Joy белый,5590 сом,https://www.kivano.kg/images/product/34267/34267.jpg
Сотовый телефон Samsung Galaxy S9 Plus 64GB (SM-G965F) РСТ красный,39390 сом,https://www.kivano.kg/images/product/58334/58334.jpg
Сотовый телефон Huawei Y9 Prime (2019) черный,16490 сом,https://www.kivano.kg/images/product/71647/71647.jpg
Сотовый телефон Inoi 241 черный,1360 сом,https://www.kivano.kg/images/product/73695/73695.jpg
Сотовый телефон Huawei Y6 Prime (2018) 16GB черный,8240 сом,https://www.kivano.kg/images/product/61663/61663.jpg
Сотовый телефон Huawei Y6 Prime (2018) 16GB синий,8240 сом,https://www.kivano.kg/images/product/61664/61664.jpg
Сотовый телефон Huawei Y9 Prime (2019) синий,16490 сом,https://www.kivano.kg/images/product/71649/71649.jpg
Сотовый телефон Huawei Y6 Prime (2018) 16GB золотой,8240 сом,https://www.kivano.kg/images/product/61665/61665.jpg
Сотовый телефон Huawei P30 Pro голубой,67280 сом,https://www.kivano.kg/images/product/69602/69602.jpg
Сотовый телефон Xiaomi Mi 9T 6/64GB черный,21170 сом,https://www.kivano.kg/images/product/69858/69858.jpg
Сотовый телефон Nokia 230 Dual Sim черный,4230 сом,https://www.kivano.kg/images/product/38119/38119.jpg
Сотовый телефон Xiaomi Redmi 7 3/32GB черный,9750 сом,https://www.kivano.kg/images/product/66792/66792.jpg
Сотовый телефон Honor 10 Lite 3/64GB черный,12940 сом,https://www.kivano.kg/images/product/75496/1577256127_68240200.jpg
Сотовый телефон Ergo A502 Aurum белый,5190 сом,https://www.kivano.kg/images/product/40680/40680.jpg
Сотовый телефон Honor 10 Lite 3/64GB синий,12940 сом,https://www.kivano.kg/images/product/75497/1577256333_13702300.jpg
Сотовый телефон Honor 9X 4/128GB черный,17580 сом,https://www.kivano.kg/images/product/75498/1577257114_27868800.jpg
Сотовый телефон Honor 9X 4/128GB синий,17580 сом,https://www.kivano.kg/images/product/75499/1577257487_34485300.jpg
Сотовый телефон Honor 10 Lite 3/32GB голубой,13990 сом,https://www.kivano.kg/images/product/69101/69101.jpg
Сотовый телефон Huawei Y7 Prime (2019) черный,11990 сом,https://www.kivano.kg/images/product/71662/71662.jpg
Сотовый телефон Huawei Y7 Prime (2019) синий,11990 сом,https://www.kivano.kg/images/product/71663/71663.jpg
Сотовый телефон Xiaomi Mi Note 10 Pro 8/256GB зеленый,36350 сом,https://www.kivano.kg/images/product/76531/1580718453_91810900.jpg
Сотовый телефон Xiaomi Mi Note 10 Pro 8/256GB белый,36350 сом,https://www.kivano.kg/images/product/76532/1580718616_64751300.jpg
Сотовый телефон Xiaomi Redmi Note 8T 4/128Gb белый,14860 сом,https://www.kivano.kg/images/product/77044/1582514827_01837600.jpg
Сотовый телефон Apple iPhone 11 128GB черный,64090 сом,https://www.kivano.kg/images/product/72439/72439.jpg
Сотовый телефон Samsung Galaxy S20 8/128GB (SM-G980F/DS) красный,64480 сом,https://www.kivano.kg/images/product/76792/1581593623_09839000.jpg
Сотовый телефон Samsung Galaxy S20 8/128GB (SM-G980F/DS) голубой,64480 сом,https://www.kivano.kg/images/product/76793/1581593814_16728400.jpg
Сотовый телефон Samsung Galaxy S20 8/128GB (SM-G980F/DS) серый,Скоро,https://www.kivano.kg/images/product/76794/1581594036_35914900.jpg
Сотовый телефон Samsung Galaxy S20 Plus 8/128GB (SM-G985F/DS) серый,70070 сом,https://www.kivano.kg/images/product/76795/1581595075_45027500.jpg
Сотовый телефон Samsung Galaxy A50 64GB (SM-A505F/DS) белый,17740 сом,https://www.kivano.kg/images/product/69884/69884.jpg
Сотовый телефон Samsung Galaxy S20 Plus 8/128GB (SM-G985F/DS) черный,67440 сом,https://www.kivano.kg/images/product/76796/1581595240_24727000.jpg
Сотовый телефон Samsung Galaxy S20 Plus 8/128GB (SM-G985F/DS) красный,70070 сом,https://www.kivano.kg/images/product/76797/1581595560_70267800.jpg
Сотовый телефон Samsung Galaxy S10 Lite 6/128GB (SM-G770F/DS) синий,42190 сом,https://www.kivano.kg/images/product/77565/1583754466_55221500.jpg
Сотовый телефон Samsung Galaxy S20 Ultra 12/128GB (SM-G988B/DS) черный,Скоро,https://www.kivano.kg/images/product/76798/1581597056_14184600.jpg
Сотовый телефон Samsung Galaxy S10 Lite 6/128GB (SM-G770F/DS) черный,42190 сом,https://www.kivano.kg/images/product/77566/1583754644_49982400.jpg
Сотовый телефон Samsung Galaxy S20 Ultra 12/128GB (SM-G988B/DS) серый,Скоро,https://www.kivano.kg/images/product/76799/1581597195_19585800.jpg
Сотовый телефон Samsung Galaxy A71 (2020) 128GB (SM-A715F/DS) черный,30360 сом,https://www.kivano.kg/images/product/77055/1582525676_43956300.jpg
Сотовый телефон ASUS ZenFone 4 Max Pro ZC554KL 3/32GB черный,10980 сом,https://www.kivano.kg/images/product/55680/55680.jpg
Сотовый телефон ASUS ZenFone 4 Selfie ZD553KL черный,15120 сом,https://www.kivano.kg/images/product/55686/55686.jpg
Сотовый телефон ASUS PadFone mini черный,16690 сом,https://www.kivano.kg/images/product/55687/55687.jpg
